sector,CN,TW,US
Energy,19.177500000000002,,124.8675
Finance,6.485,,115.28922535211268
Healthcare,180.145,,93.1825
Technology,182.195,144.275,497.81666666666666
