date,open,high,low,close,volume,amount,outstanding_share,turnover
2020-01-02,132.0,133.5,129.59,132.08,30667439.0,4038536855.0,3795757968.0,0.00807939791170584
2020-01-03,131.6,132.07,129.61,130.55,20469248.0,2672531470.0,3795757968.0,0.00539266417210087
2020-01-06,130.0,130.25,128.52,129.2,25936979.0,3353682073.0,3795757968.0,0.006833148798912039
2020-01-07,129.5,131.07,129.0,129.37,22327793.0,2901574233.0,3795757968.0,0.0058823015556401775
2020-01-08,128.99,129.76,128.05,128.89,16180218.0,2083242871.0,3795757968.0,0.004262710672389215
2020-01-09,129.0,131.2,128.25,130.77,25549057.0,3317934212.0,3795757968.0,0.006730949975048567
2020-01-10,130.5,134.05,130.5,133.62,42969542.0,5712380856.0,3795757968.0,0.011320411459912135
2020-01-13,134.26,140.0,134.25,139.66,49604194.0,6847185988.0,3795757968.0,0.01306832374935029
2020-01-14,140.1,140.68,138.2,138.56,19907317.0,2767444879.0,3795757968.0,0.005244622330461509
2020-01-15,138.56,142.81,138.55,140.8,23478904.0,3309331110.0,3795757968.0,0.006185564042264562
2020-01-16,140.8,142.0,139.3,140.66,14535988.0,2046672621.0,3795757968.0,0.0038295350026385034
2020-01-17,141.26,141.8,138.3,138.55,14847814.0,2068064060.0,3795757968.0,0.0039116861836750285
2020-01-20,140.55,140.66,136.8,137.56,16753769.0,2308928099.0,3795757968.0,0.004413813826182292
2020-01-21,136.5,136.5,132.01,132.62,29307308.0,3903226855.0,3795757968.0,0.0077210686895935405
2020-01-22,130.99,132.67,129.76,131.7,25753051.0,3375415202.0,3795757968.0,0.006784692600821802
2020-01-23,131.77,131.77,125.0,126.16,41593668.0,5294268764.0,3795757968.0,0.010957934713080736
2020-02-03,113.54,113.54,113.54,113.54,16763900.0,1903373206.0,3795757968.0,0.004416482858319064
2020-02-04,109.0,120.0,109.0,114.5,71021426.0,8017646169.0,3795757968.0,0.01871073619517987
2020-02-05,115.9,119.8,114.1,117.51,38878339.0,4546389351.0,3795757968.0,0.010242575877535508
2020-02-06,119.0,119.94,116.6,119.15,30655105.0,3619248779.0,3795757968.0,0.008076148494829426
2020-02-07,119.25,120.93,117.61,120.58,28011695.0,3346691769.0,3795757968.0,0.007379736863138161
2020-02-10,119.5,122.33,118.58,121.13,22187650.0,2682789606.0,3795757968.0,0.0058453806030448145
2020-02-11,121.15,125.5,121.15,124.79,24577382.0,3049430908.0,3795757968.0,0.006474960260163774
2020-02-12,124.5,125.25,122.77,124.49,17511362.0,2168783486.0,3795757968.0,0.0046134032115927575
2020-02-13,124.88,126.66,123.37,124.14,17862884.0,2230165010.0,3795757968.0,0.0047060123829265185
2020-02-14,124.2,125.88,122.45,123.43,16971973.0,2094049252.0,3795757968.0,0.00447130010477001
2020-02-17,123.18,124.3,122.58,124.3,23816908.0,2941280510.0,3795757968.0,0.006274611869562702
2020-02-18,123.8,124.3,123.01,123.39,12872775.0,1590249169.0,3795757968.0,0.0033913582237127507
2020-02-19,123.78,127.18,122.68,126.0,31662776.0,3976674952.0,3795757968.0,0.008341621427638928
2020-02-20,127.0,130.58,126.89,130.15,33466160.0,4332207306.0,3795757968.0,0.008816726535815837
2020-02-21,130.0,131.2,129.02,130.0,20743751.0,2695003477.0,3795757968.0,0.005464982534418538
2020-02-24,129.4,129.4,126.7,127.1,23560124.0,3005249413.0,3795757968.0,0.00620696161310146
2020-02-25,124.8,127.0,123.86,125.3,24063330.0,3014293143.0,3795757968.0,0.006339532236476886
2020-02-26,123.83,126.42,123.0,124.1,21417866.0,2662201891.0,3795757968.0,0.005642579474392873
2020-02-27,124.8,127.75,124.5,126.3,23573167.0,2986686525.0,3795757968.0,0.006210397817440609
2020-02-28,124.0,124.03,119.0,120.6,36601211.0,4445668089.0,3795757968.0,0.009642661968588404
2020-03-02,120.1,123.6,119.6,122.65,26982238.0,3287615181.0,3795757968.0,0.007108524365218431
2020-03-03,123.7,125.88,123.7,124.37,23092324.0,2878896361.0,3795757968.0,0.006083718770975126
2020-03-04,124.0,125.93,124.0,125.27,19757510.0,2471690890.0,3795757968.0,0.005205155377809906
2020-03-05,126.55,134.88,126.0,133.2,56561987.0,7399037627.0,3795757968.0,0.01490136817912095
2020-03-06,132.0,134.88,130.0,130.07,29165822.0,3845033468.0,3795757968.0,0.00768379392097215
2020-03-09,128.0,128.25,126.04,126.3,24454158.0,3106158207.0,3795757968.0,0.006442496651830778
2020-03-10,126.3,131.63,126.2,130.72,31077221.0,4017374186.0,3795757968.0,0.00818735579612699
2020-03-11,132.5,132.8,129.5,129.9,18763487.0,2452609915.0,3795757968.0,0.0049432780377950585
2020-03-12,126.88,128.11,125.86,126.04,25266000.0,3199005136.0,3795757968.0,0.006656378044386417
2020-03-13,120.0,125.22,118.88,122.6,35088698.0,4280415923.0,3795757968.0,0.009244187404943623
2020-03-16,121.4,122.4,114.41,115.5,37024247.0,4379489485.0,3795757968.0,0.009754111645719135
2020-03-17,114.5,117.58,108.58,112.36,35297954.0,3975112228.0,3795757968.0,0.009299316315101785
2020-03-18,113.2,115.97,106.69,107.59,40442259.0,4528147000.0,3795757968.0,0.010654593717762565
2020-03-19,105.8,107.0,98.63,102.11,60169789.0,6133825333.0,3795757968.0,0.015851850804835088
2020-03-20,104.32,109.66,104.21,108.51,42206390.0,4484741875.0,3795757968.0,0.011119357544874947
2020-03-23,104.0,106.5,103.04,104.51,32826540.0,3443583082.0,3795757968.0,0.008648217372325358
2020-03-24,107.08,109.89,106.04,109.05,35636342.0,3859693789.0,3795757968.0,0.009388465307965074
2020-03-25,113.1,114.96,111.84,114.0,30947333.0,3508691591.0,3795757968.0,0.008153136543715477
2020-03-26,112.98,116.3,111.9,113.89,20880123.0,2397709906.0,3795757968.0,0.005500910009549903
2020-03-27,115.6,117.8,115.6,115.81,23543496.0,2745616756.0,3795757968.0,0.006202580933368932
2020-03-30,112.82,114.02,111.7,113.23,20580583.0,2321514404.0,3795757968.0,0.005421995599694147
2020-03-31,115.0,116.59,114.06,115.2,18849621.0,2179898621.0,3795757968.0,0.004965970211723468
2020-04-01,116.0,116.99,114.44,115.0,17596852.0,2033698724.0,3795757968.0,0.004635925722437949
2020-04-02,114.0,117.19,113.52,117.19,19153739.0,2218330786.0,3795757968.0,0.005046090704801229
2020-04-03,117.7,119.47,116.8,117.52,17580586.0,2076905527.0,3795757968.0,0.004631640412326732
2020-04-07,120.6,124.58,120.6,124.14,29451150.0,3627761365.0,3795757968.0,0.007758964151109437
2020-04-08,124.14,125.99,123.43,125.28,20113362.0,2515223466.0,3795757968.0,0.005298905296271514
2020-04-09,126.65,127.6,123.01,124.98,15879620.0,1985606241.0,3795757968.0,0.004183517530325316
2020-04-10,124.98,128.8,124.2,126.52,19896089.0,2526071158.0,3795757968.0,0.0052416642914888826
2020-04-13,125.15,127.02,124.2,125.0,14606018.0,1831925095.0,3795757968.0,0.003847984545678493
2020-04-14,126.61,128.88,125.2,128.45,19461888.0,2481573353.0,3795757968.0,0.005127273172861058
2020-04-15,128.47,130.28,127.21,127.91,16296718.0,2095661174.0,3795757968.0,0.00429340282952414
2020-04-16,127.01,127.8,125.52,126.1,18825435.0,2379554856.0,3795757968.0,0.004959598361831062
2020-04-17,127.17,129.7,126.74,128.82,23471089.0,3022344869.0,3795757968.0,0.006183505164942592
2020-04-20,129.92,130.48,128.88,129.31,13218834.0,1710863423.0,3795757968.0,0.003482528156811077
2020-04-21,128.08,128.95,125.08,126.47,20552372.0,2596092234.0,3795757968.0,0.00541456335553163
2020-04-22,126.54,130.99,125.42,130.3,26598477.0,3436601400.0,3795757968.0,0.007007421765096062
2020-04-23,131.2,134.3,130.8,131.09,21331870.0,2822832124.0,3795757968.0,0.005619923656839439
2020-04-24,131.24,133.29,129.37,131.4,16773324.0,2215246722.0,3795757968.0,0.004418965629897085
2020-04-27,132.51,133.62,130.38,132.7,15934244.0,2110526724.0,3795757968.0,0.0041979083319677035
2020-04-28,136.0,141.22,134.51,139.0,42077345.0,5811722420.0,3795757968.0,0.011085360382493177
2020-04-29,139.0,140.15,134.0,135.5,29183204.0,3980521441.0,3795757968.0,0.007688373243507079
2020-04-30,135.5,139.2,134.02,135.77,22864055.0,3121490869.0,3795757968.0,0.006023580848082145
2020-05-06,134.5,139.05,133.98,138.21,25104481.0,3442757066.0,3795757968.0,0.006613825541997782
2020-05-07,138.38,142.0,137.37,141.91,27796178.0,3911603340.0,3795757968.0,0.00732295848005449
2020-05-08,142.65,145.5,140.93,142.9,24326698.0,3478295311.0,3795757968.0,0.006408917060857238
2020-05-11,143.22,145.1,141.0,141.85,23681991.0,3384838039.0,3795757968.0,0.006239067717080532
2020-05-12,141.0,143.79,140.89,142.9,15184489.0,2167669766.0,3795757968.0,0.004000383883275036
2020-05-13,142.9,146.21,142.3,146.0,19635029.0,2845747547.0,3795757968.0,0.005172887514307393
2020-05-14,145.9,147.0,144.4,146.3,15361261.0,2244204772.0,3795757968.0,0.004046954818906409
2020-05-15,147.5,147.99,144.08,145.22,16064447.0,2338474671.0,3795757968.0,0.004232210571756876
2020-05-18,145.0,152.46,144.6,151.19,24881015.0,3718097609.0,3795757968.0,0.006554952979025137
2020-05-19,153.33,153.49,150.37,151.42,17650556.0,2669709610.0,3795757968.0,0.004650074148247168
2020-05-20,152.5,152.98,150.51,150.85,17041214.0,2580358166.0,3795757968.0,0.004489541784187858
2020-05-21,151.86,153.53,151.03,151.68,17092150.0,2602103043.0,3795757968.0,0.0045029609748816314
2020-05-22,150.76,150.78,143.65,144.25,38352639.0,5597327855.0,3795757968.0,0.010104079165039113
2020-05-25,144.01,147.4,141.1,147.03,24355991.0,3540747465.0,3795757968.0,0.006416634360075721
2020-05-26,147.03,149.12,146.15,147.81,16511925.0,2436906020.0,3795757968.0,0.004350099542490112
2020-05-27,147.82,148.4,145.68,146.16,14596302.0,2143082940.0,3795757968.0,0.0038454248461186396
2020-05-28,146.15,148.02,144.5,146.16,14818404.0,2166223144.0,3795757968.0,0.003903938060573413
2020-05-29,145.0,148.59,144.83,148.2,16321720.0,2408655796.0,3795757968.0,0.004299989656242487
2020-06-01,150.06,160.18,150.06,158.59,35784358.0,5624344618.0,3795757968.0,0.009427460418097975
2020-06-02,158.39,163.65,158.02,158.77,29158586.0,4669324668.0,3795757968.0,0.007681887582353881
2020-06-03,160.86,161.76,156.68,158.24,25275933.0,4004118586.0,3795757968.0,0.006658994913028659
2020-06-04,158.03,159.98,157.0,158.85,13631755.0,2166142875.0,3795757968.0,0.0035913130170369175
2020-06-05,159.11,160.68,157.6,160.09,15985906.0,2547709185.0,3795757968.0,0.004211518788808086
2020-06-08,159.5,164.95,159.3,160.61,22255110.0,3596734091.0,3795757968.0,0.005863153074463888
2020-06-09,160.58,163.0,159.01,162.61,16111888.0,2610701054.0,3795757968.0,0.0042447089977366015
2020-06-10,162.65,163.78,161.08,162.54,14948146.0,2428166146.0,3795757968.0,0.00393811884899401
2020-06-11,161.8,162.74,157.95,160.07,19946097.0,3195703175.0,3795757968.0,0.005254838998733546
2020-06-12,157.0,161.88,156.1,161.5,17647613.0,2822869417.0,3795757968.0,0.004649298809033021
2020-06-15,159.0,160.88,156.5,157.0,26621961.0,4206860399.0,3795757968.0,0.007013608671689681
2020-06-16,157.1,159.26,156.4,157.68,25984652.0,4095546267.0,3795757968.0,0.006845708345754041
2020-06-17,157.26,157.5,153.9,155.88,23242329.0,3610097414.0,3795757968.0,0.0061232378871212585
2020-06-18,156.6,158.58,155.96,158.36,19949002.0,3145346589.0,3795757968.0,0.0052556043267719755
2020-06-19,158.5,166.5,158.43,165.57,38702809.0,6342808631.0,3795757968.0,0.010196332149278913
2020-06-22,164.0,164.0,161.0,163.0,21631228.0,3513415730.0,3795757968.0,0.005698790118432546
2020-06-23,163.0,168.4,162.08,167.98,26532477.0,4413501331.0,3795757968.0,0.006990033933586147
2020-06-24,168.41,171.3,167.0,168.61,18798602.0,3172425487.0,3795757968.0,0.004952529154514311
2020-06-29,166.61,168.5,165.8,167.5,19993555.0,3331811630.0,3795757968.0,0.005267341903397145
2020-06-30,168.54,171.67,168.5,171.12,18989762.0,3238678111.0,3795811143.0,0.00500282055260303
2020-07-01,171.12,185.1,171.12,181.98,27181836.0,4886748746.0,3795811143.0,0.007161008537036164
2020-07-02,180.0,192.34,179.88,189.49,34887021.0,6549218076.0,3795811143.0,0.009190926441199922
2020-07-03,189.99,190.5,182.5,188.72,30815941.0,5745184556.0,3795811143.0,0.008118407328254161
2020-07-06,188.71,196.0,185.56,192.82,32843107.0,6291466680.0,3795811143.0,0.008652460768646834
2020-07-07,192.78,206.38,190.32,201.89,38411125.0,7693352359.0,3795811143.0,0.010119345655759355
2020-07-08,201.5,205.8,199.0,203.36,29232255.0,5907018140.0,3795811143.0,0.007701187940793186
2020-07-09,203.39,205.36,201.5,203.72,29524349.0,5988999450.0,3795811143.0,0.007778139609091716
2020-07-10,203.0,211.8,200.8,207.0,33547581.0,6923294758.0,3795811143.0,0.008838053247687619
2020-07-13,207.0,225.0,207.0,218.2,48880722.0,10648696887.0,3795811143.0,0.012877543207106814
2020-07-14,218.3,225.33,212.03,220.9,43873308.0,9589876575.0,3795811143.0,0.011558348491839074
2020-07-15,219.0,226.0,217.6,223.95,37169954.0,8289624150.0,3795811143.0,0.009792361263427588
2020-07-16,221.0,221.05,201.56,201.56,70573669.0,14817949982.0,3795811143.0,0.018592513257712412
2020-07-17,195.0,209.7,195.0,205.39,52976677.0,10785868982.0,3795811143.0,0.013956615596562624
2020-07-20,205.5,208.5,191.01,201.68,44290656.0,8808311369.0,3795811143.0,0.011668298113745224
2020-07-21,201.0,208.9,198.8,205.58,31785876.0,6514435743.0,3795811143.0,0.008373935056968665
2020-07-22,204.25,212.87,202.75,208.9,28066323.0,5873887495.0,3795811143.0,0.007394025135248938
2020-07-23,207.3,211.9,205.6,210.07,26541311.0,5547862013.0,3795811143.0,0.0069922633134543175
2020-07-24,208.0,208.95,198.0,201.39,40538626.0,8233915252.0,3795811143.0,0.010679832181524317
2020-07-27,203.39,206.8,201.41,204.1,24634688.0,5038945710.0,3795811143.0,0.006489966721718958
2020-07-28,205.89,216.94,204.67,214.0,38449712.0,8143034020.0,3795811143.0,0.010129511335385212
2020-07-29,214.35,215.48,209.01,214.98,30136414.0,6417584056.0,3795811143.0,0.007939387094001162
2020-07-30,214.0,218.05,213.0,216.32,25322564.0,5483434280.0,3795811143.0,0.0066711864858446145
2020-07-31,216.51,221.01,214.28,217.5,26231782.0,5707639443.0,3795811143.0,0.006910718424011961
2020-08-03,218.18,219.93,215.2,217.72,20145355.0,4369803364.0,3795811143.0,0.005307259566153816
2020-08-04,217.5,219.8,214.0,215.8,20676941.0,4483369687.0,3795811143.0,0.005447304995173728
2020-08-05,215.6,217.76,213.0,217.48,18671238.0,4024536334.0,3795811143.0,0.00491890594568498
2020-08-06,217.48,218.54,209.66,211.02,32304359.0,6855967077.0,3795811143.0,0.008510528522888632
2020-08-07,210.0,213.0,203.18,207.26,28723584.0,5960012764.0,3795811143.0,0.007567179429611575
2020-08-10,207.26,208.88,202.94,205.94,19152100.0,3941811352.0,3795811143.0,0.005045588223038735
2020-08-11,207.0,213.35,207.0,209.0,25009077.0,5285963734.0,3795811143.0,0.006588598868023292
2020-08-12,207.92,209.88,203.04,206.47,18024993.0,3701984355.0,3795811143.0,0.0047486537978162
2020-08-13,208.0,210.0,205.5,206.9,12320969.0,2555092633.0,3795811143.0,0.003245938360953908
2020-08-14,206.3,213.3,206.22,212.9,24431491.0,5144549732.0,3795811143.0,0.006436434817115452
2020-08-17,214.5,222.0,214.5,219.99,31515599.0,6913069145.0,3795811143.0,0.008302731040272938
2020-08-18,219.99,223.0,218.12,220.57,19038249.0,4208955658.0,3795811143.0,0.005015594370417812
2020-08-19,220.47,225.96,217.27,222.2,23847268.0,5300628769.0,3795811143.0,0.0062825222598278255
2020-08-20,220.0,220.92,216.0,216.44,18490663.0,4022580053.0,3795811143.0,0.004871333768567316
2020-08-21,220.0,220.98,216.44,218.4,15731861.0,3438178400.0,3795811143.0,0.004144532066357338
2020-08-24,219.98,226.3,219.19,225.0,23152218.0,5170962344.0,3795811143.0,0.006099412517584255
2020-08-25,226.0,236.75,225.99,235.6,28547871.0,6659413393.0,3795811143.0,0.007520888138137804
2020-08-26,235.4,239.87,232.2,236.65,26209992.0,6176301738.0,3795811143.0,0.00690497788551331
2020-08-27,238.98,238.98,231.14,238.08,21348858.0,5024119736.0,3795811143.0,0.00562432038784918
2020-08-28,235.98,244.86,233.2,240.5,32724152.0,7823482205.0,3795811143.0,0.008621122275892954
2020-08-31,242.0,246.7,240.0,240.0,31571514.0,7691010331.0,3795811143.0,0.008317461752074318
2020-09-01,237.48,239.8,233.1,236.24,30087024.0,7091377403.0,3795811143.0,0.007926375382369755
2020-09-02,235.2,239.78,233.8,235.0,19633125.0,4642766180.0,3795811143.0,0.005172313442465702
2020-09-03,235.4,243.0,235.19,238.64,27569574.0,6599198582.0,3795811143.0,0.007263157454722715
2020-09-04,234.0,234.0,226.27,230.22,37092062.0,8495154315.0,3795811143.0,0.0097718407482951
2020-09-07,229.35,233.45,225.1,226.89,23622659.0,5428172452.0,3795811143.0,0.006223349400183791
2020-09-08,227.14,229.35,217.6,221.93,35708526.0,7906064619.0,3795811143.0,0.009407350538461708
2020-09-09,218.81,220.66,216.0,217.0,22706135.0,4950173118.0,3795811143.0,0.0059818927087226794
2020-09-10,220.0,225.76,219.96,223.2,23154133.0,5168118228.0,3795811143.0,0.006099917021082416
2020-09-11,221.45,227.88,220.18,227.88,20470064.0,4597798171.0,3795811143.0,0.0053928036008191885
2020-09-14,229.08,231.44,224.18,230.08,20749216.0,4747190669.0,3795811143.0,0.00546634572119438
2020-09-15,230.0,231.4,228.0,230.33,12036547.0,2765306526.0,3795811143.0,0.003171007868027643
2020-09-16,230.74,232.19,225.0,226.02,18453747.0,4206118388.0,3795811143.0,0.004861608311053952
2020-09-17,222.06,226.0,218.9,222.65,22801632.0,5066620920.0,3795811143.0,0.006007051231210319
2020-09-18,222.65,229.52,220.82,229.52,19015650.0,4291299128.0,3795811143.0,0.005009640702242914
2020-09-21,228.0,229.55,224.47,224.9,13028469.0,2942680885.0,3795811143.0,0.0034323280345562755
2020-09-22,222.46,226.77,222.0,222.9,12091370.0,2711926528.0,3795811143.0,0.0031854508942833356
2020-09-23,216.6,221.49,212.46,219.32,25179488.0,5469429699.0,3795811143.0,0.006633493356600329
2020-09-24,218.08,221.37,215.88,216.3,16365237.0,3569684236.0,3795811143.0,0.00431139389802882
2020-09-25,217.01,219.44,216.37,217.2,11251653.0,2449369665.0,3795811143.0,0.0029642288765471384
2020-09-28,218.34,222.85,218.0,220.13,15264425.0,3363291339.0,3795811143.0,0.004021386845905047
2020-09-29,222.0,222.8,218.77,219.73,9972097.0,2199769865.0,3795811143.0,0.002627132021146501
2020-09-30,221.0,225.0,220.1,221.0,16234185.0,3608733492.0,3795811143.0,0.004276868471166717
2020-10-09,225.0,229.55,223.29,227.57,20893388.0,4736861701.0,3795811143.0,0.005504327589777562
2020-10-12,229.0,242.01,229.0,241.75,32455704.0,7713734278.0,3795811143.0,0.008550400106141423
2020-10-13,241.75,244.6,238.84,242.27,17191051.0,4169972230.0,3795811143.0,0.004528953194023542
2020-10-14,241.79,244.33,238.18,239.4,18319372.0,4414453298.0,3795811143.0,0.004826207445484597
2020-10-15,239.51,240.5,238.34,238.91,11176087.0,2673550250.0,3795811143.0,0.0029443211421648964
2020-10-16,238.9,240.82,235.24,236.88,11835750.0,2812810616.0,3795811143.0,0.0031181082393487245
2020-10-19,240.0,241.6,234.6,236.18,12290083.0,2920521351.0,3795811143.0,0.0032378014967010703
2020-10-20,236.0,241.0,235.0,240.98,17996331.0,4313854389.0,3795811143.0,0.004741102842586813
2020-10-21,240.98,243.7,239.69,241.77,13707691.0,3309649772.0,3795811143.0,0.0036112679170771907
2020-10-22,242.0,242.99,236.68,241.74,15041607.0,3620503900.0,3795811143.0,0.003962685822169736
2020-10-23,240.79,242.24,236.3,236.63,13452273.0,3217550682.0,3795811143.0,0.003543978478699566
2020-10-26,230.0,234.59,223.0,232.61,16000039.0,3696971910.0,3795811143.0,0.004215183105067353
2020-10-27,233.01,235.35,230.7,233.5,14302682.0,3339001552.0,3795811143.0,0.0037680172856798004
2020-10-28,235.0,242.0,233.42,239.98,17076230.0,4079939456.0,3795811143.0,0.004498703796549764
2020-10-29,238.8,253.77,238.49,250.0,34962748.0,8707106516.0,3795811143.0,0.009210876590758773
2020-10-30,246.95,250.0,243.27,244.35,23948951.0,5883433066.0,3795811143.0,0.006309310473511089
2020-11-02,247.07,251.05,244.5,245.7,15733705.0,3880439538.0,3795811143.0,0.004145017865026063
2020-11-03,248.1,250.4,245.5,250.4,16535083.0,4112229156.0,3795811143.0,0.004356139538315276
2020-11-04,250.25,253.0,248.3,253.0,12992837.0,3267104849.0,3795811143.0,0.0034229408446625658
2020-11-05,255.99,259.85,254.05,259.41,18968980.0,4898017532.0,3795811143.0,0.004997345569992706
2020-11-06,260.05,261.2,255.05,259.3,15116483.0,3901814024.0,3795811143.0,0.0039824117772236595
2020-11-09,261.0,270.0,260.6,270.0,20628388.0,5513207008.0,3795811143.0,0.0054345137897710205
2020-11-10,270.74,278.65,267.25,272.8,22308070.0,6085547698.0,3795811143.0,0.005877023160422289
2020-11-11,270.7,279.0,268.35,268.9,22787338.0,6218718171.0,3795811143.0,0.006003285501182797
2020-11-12,268.9,271.49,265.0,267.65,17623158.0,4716978361.0,3795811143.0,0.004642791049417603
2020-11-13,265.0,267.37,258.0,265.0,18843071.0,4950551088.0,3795811143.0,0.004964175057747334
2020-11-16,268.0,273.15,263.51,273.0,19577792.0,5269426372.0,3795811143.0,0.005157736057576034
2020-11-17,272.99,274.55,266.0,269.1,17947672.0,4847011187.0,3795811143.0,0.0047282837116641024
2020-11-18,267.99,269.52,259.0,263.72,19456273.0,5134604862.0,3795811143.0,0.0051257220833760535
2020-11-19,262.34,266.3,260.0,264.7,12448246.0,3287372159.0,3795811143.0,0.0032794692704762947
2020-11-20,266.54,270.5,264.8,268.47,11122604.0,2984187158.0,3795811143.0,0.002930231136633765
2020-11-23,271.5,277.77,271.5,272.58,15634214.0,4282239109.0,3795811143.0,0.004118807130020588
2020-11-24,272.58,272.6,267.0,271.79,12503527.0,3370155284.0,3795811143.0,0.003294032956054263
2020-11-25,271.8,272.39,262.81,262.97,16559440.0,4404834698.0,3795811143.0,0.004362556348604934
2020-11-26,262.17,265.18,252.7,260.58,19905229.0,5158676273.0,3795811143.0,0.005243998779209022
2020-11-27,260.58,262.31,258.1,262.3,11259290.0,2933632286.0,3795811143.0,0.0029662408312288364
2020-11-30,260.65,261.99,253.65,254.0,21174104.0,5419775806.0,3795811143.0,0.005578281743296942
2020-12-01,255.0,258.88,255.0,257.99,13648057.0,3509920228.0,3795811143.0,0.0035955574410410016
2020-12-02,260.0,261.99,257.1,260.55,11637763.0,3028626146.0,3795811143.0,0.0030659489003981777
2020-12-03,260.06,262.0,258.97,261.63,9208685.0,2403046139.0,3795811143.0,0.002426012426087659
2020-12-04,260.5,268.0,260.15,267.19,17051140.0,4536004928.0,3795811143.0,0.004492093878654805
2020-12-07,267.21,275.2,267.21,270.24,19621618.0,5339342748.0,3795811143.0,0.0051692819428556065
2020-12-08,271.55,274.05,268.55,272.0,14777562.0,4019960930.0,3795811143.0,0.003893123615291521
2020-12-09,273.0,274.0,269.5,269.72,11677649.0,3166929095.0,3795811143.0,0.0030764567993682187
2020-12-10,269.0,272.0,267.3,267.67,13410208.0,3611981640.0,3795811143.0,0.0035328965258796595
2020-12-11,268.85,269.99,263.4,267.52,15005255.0,3995342179.0,3795811143.0,0.00395310894949865
2020-12-14,268.5,273.5,266.08,273.15,18174424.0,4937790460.0,3795811143.0,0.004788021141019133
2020-12-15,273.15,273.3,267.31,270.8,14611814.0,3949335198.0,3795811143.0,0.003849457586146298
2020-12-16,273.0,275.0,272.0,274.33,16025487.0,4392611714.0,3795811143.0,0.004221887337454397
2020-12-17,274.54,280.0,274.21,277.81,19976098.0,5547260941.0,3795811143.0,0.005262669096917185
2020-12-18,276.9,279.68,274.08,276.86,15082525.0,4179755004.0,3795811143.0,0.00397346559978735
2020-12-21,275.31,281.98,275.31,281.91,16188978.0,4537599926.0,3795811143.0,0.004264958763782205
2020-12-22,282.98,288.0,281.97,282.38,18706371.0,5338602867.0,3795811143.0,0.004928161674876036
2020-12-23,283.0,288.5,275.0,278.29,25221586.0,7103972924.0,3795811143.0,0.006644584003214198
2020-12-24,276.0,278.9,272.36,275.32,15616076.0,4293939904.0,3795811143.0,0.0041140287047205185
2020-12-25,272.6,277.43,271.5,275.92,11111390.0,3051169983.0,3795811143.0,0.0029272768273761293
2020-12-28,276.0,286.16,275.98,285.95,19381209.0,5490499481.0,3795811143.0,0.005105946600041371
2020-12-29,286.08,286.66,279.18,281.0,14658930.0,4136060906.0,3795811143.0,0.0038618702163391587
2020-12-30,282.89,287.6,281.26,286.88,16882539.0,4826857468.0,3795811143.0,0.004447676231504229
2020-12-31,288.01,294.47,288.0,291.85,16003830.0,4661694422.0,3795786270.0,0.004216209465344844
2021-01-04,292.0,300.0,291.99,298.05,23427822.0,6977115208.0,3795786270.0,0.006172060367350451
2021-01-05,297.2,319.98,294.5,319.98,31460633.0,9802665756.0,3795786270.0,0.008288304652095176
2021-01-06,320.15,335.66,317.79,328.3,31343033.0,10211616774.0,3795786270.0,0.008257322928774912
2021-01-07,328.31,330.68,317.08,330.0,24255948.0,7882443069.0,3795786270.0,0.006390230185431384
2021-01-08,330.06,331.6,308.94,317.0,37870249.0,12096818570.0,3795786270.0,0.009976918168261354
2021-01-11,316.43,316.5,299.5,301.2,38195291.0,11637052716.0,3795786270.0,0.010062550492338443
2021-01-12,298.95,311.3,298.0,310.0,23025505.0,7067492692.0,3795786270.0,0.0060660699423416165
2021-01-13,311.53,313.48,302.12,305.33,23365302.0,7164303594.0,3795786270.0,0.00615558947158529
2021-01-14,304.0,304.88,289.0,289.4,35489554.0,10426526439.0,3795786270.0,0.009349724003295897
2021-01-15,288.0,292.29,278.07,287.7,41713251.0,11843762787.0,3795786270.0,0.010989357153662923
2021-01-18,285.0,287.14,279.33,284.55,27255864.0,7724438137.0,3795786270.0,0.007180558140329645
2021-01-19,287.0,290.0,280.0,281.5,29388857.0,8340023175.0,3795786270.0,0.0077424952064015975
2021-01-20,280.0,285.61,274.94,284.85,26404034.0,7448387725.0,3795786270.0,0.006956143502779465
2021-01-21,285.8,298.99,285.5,296.95,29402390.0,8608576888.0,3795786270.0,0.007746060475633682
2021-01-22,295.08,299.91,292.58,295.56,24946675.0,7369528934.0,3795786270.0,0.006572202233083055
2021-01-25,295.57,316.33,293.2,315.69,41290940.0,12821666909.0,3795786270.0,0.010878099308789586
2021-01-26,315.69,315.71,305.1,305.78,24143501.0,7458358974.0,3795786270.0,0.006360606020106606
2021-01-27,302.9,302.9,287.0,292.58,30793847.0,9033475507.0,3795786270.0,0.008112639861569446
2021-01-28,288.23,292.0,283.0,286.0,27607757.0,7911157527.0,3795786270.0,0.007273264361114831
2021-01-29,290.0,295.14,288.78,291.14,22010914.0,6431745130.0,3795786270.0,0.0057987759147461165
2021-02-01,293.01,299.87,292.29,292.29,19575992.0,5790219683.0,3795786270.0,0.005157295645099639
2021-02-02,292.0,304.33,291.9,304.12,29749240.0,8931329219.0,3795786270.0,0.007837438117926487
2021-02-03,303.8,309.0,301.12,308.75,22454665.0,6862660164.0,3795786270.0,0.00591568212822478
2021-02-04,306.0,316.8,305.01,313.6,28057460.0,8823190962.0,3795786270.0,0.007391738629161542
2021-02-05,314.01,330.0,314.0,319.76,32891319.0,10624157468.0,3795786270.0,0.008665218919188514
2021-02-08,324.0,330.5,313.8,320.0,26652998.0,8556525645.0,3795786270.0,0.0070217330756086015
2021-02-09,322.0,330.0,317.86,329.5,22477980.0,7323491251.0,3795786270.0,0.005921824465633045
2021-02-10,333.0,345.68,332.5,342.65,33193163.0,11318193474.0,3795786270.0,0.008744739729510639
2021-02-18,354.49,357.19,330.89,333.5,34381508.0,11828646632.0,3795786270.0,0.009057809253311832
2021-02-19,333.6,346.2,325.95,344.4,27475002.0,9295089532.0,3795786270.0,0.007238290052616688
2021-02-22,342.0,342.3,310.98,313.06,41458220.0,13367286789.0,3795786270.0,0.010922169229512493
2021-02-23,306.0,322.86,304.17,315.0,27866832.0,8795804296.0,3795786270.0,0.007341517677179437
2021-02-24,315.0,315.01,288.65,293.08,41724817.0,12424962072.0,3795786270.0,0.010992404216689471
2021-02-25,296.5,299.98,285.58,288.9,24904649.0,7274333598.0,3795786270.0,0.006561130482196512
2021-02-26,280.56,287.37,271.0,280.0,28897086.0,8100247691.0,3795786270.0,0.007612938122567159
2021-03-01,286.0,294.0,281.01,289.02,25506327.0,7352003877.0,3795786270.0,0.006719642568284015
2021-03-02,293.2,295.88,275.3,280.7,24412465.0,6955462355.0,3795786270.0,0.006431464593500413
2021-03-03,276.0,286.8,271.61,285.3,21171711.0,5951313500.0,3795786270.0,0.005577687860702441
2021-03-04,280.0,280.0,265.0,266.31,32935886.0,8896042111.0,3795786270.0,0.008676960096596797
2021-03-05,258.0,272.19,254.0,266.5,29165040.0,7727068296.0,3795786270.0,0.007683530611432451
2021-03-08,268.0,270.03,244.44,244.5,38365377.0,9779570335.0,3795786270.0,0.010107359653840573
2021-03-09,242.0,249.2,230.0,242.5,43874577.0,10599045848.0,3795786270.0,0.011558758549384816
2021-03-10,248.0,255.0,247.1,252.6,30958230.0,7776577822.0,3795786270.0,0.00815594656756056
2021-03-11,255.01,269.5,250.08,265.04,30153094.0,7909417124.0,3795786270.0,0.007943833465628717
2021-03-12,269.1,269.49,255.77,264.45,25143785.0,6596290241.0,3795786270.0,0.006624130868148169
2021-03-15,262.45,266.5,246.0,251.01,24899734.0,6320778553.0,3795786270.0,0.006559835625307744
2021-03-16,251.6,262.55,250.55,262.41,23165605.0,5953026225.0,3795786270.0,0.006102979291297136
2021-03-17,261.5,268.03,255.0,264.31,19887801.0,5234840657.0,3795786270.0,0.0052394417349531115
2021-03-18,265.0,275.0,265.0,270.39,20130334.0,5462748512.0,3795786270.0,0.005303337060650678
2021-03-19,263.0,265.0,257.67,260.79,19784981.0,5158274509.0,3795786270.0,0.005212353803050139
2021-03-22,260.95,263.59,254.71,259.5,14278219.0,3700614995.0,3795786270.0,0.003761597198674729
2021-03-23,259.5,263.98,256.98,262.25,12695157.0,3309793204.0,3795786270.0,0.003344539470079278
2021-03-24,259.09,269.0,258.62,260.8,17942151.0,4728182217.0,3795786270.0,0.004726860187520516
2021-03-25,256.94,257.89,252.0,255.98,18625855.0,4750886354.0,3795786270.0,0.004906982025623903
2021-03-26,258.0,267.18,255.82,265.95,23020269.0,6054732218.0,3795786270.0,0.006064690517993786
2021-03-29,267.0,279.95,265.99,272.09,28199481.0,7712653716.0,3795786270.0,0.007429154065621298
2021-03-30,270.5,278.52,270.5,273.46,16870779.0,4624076064.0,3795786270.0,0.004444607203871887
2021-03-31,270.7,270.7,265.01,267.98,13411104.0,3583946108.0,3795786270.0,0.0035331557274429996
2021-04-01,270.0,273.89,267.01,273.08,12114212.0,3280567358.0,3795786270.0,0.0031914894934271416
2021-04-02,277.01,285.0,275.0,284.56,22962623.0,6443304988.0,3795786270.0,0.006049503677666235
2021-04-06,285.95,288.0,282.0,284.76,15550845.0,4431624296.0,3795786270.0,0.004096870554305472
2021-04-07,283.01,283.65,268.8,270.85,24493627.0,6674234724.0,3795786270.0,0.0064528467246919045
2021-04-08,265.0,274.85,264.06,273.08,16211426.0,4396674335.0,3795786270.0,0.004270900637406015
2021-04-09,271.0,272.5,265.0,265.3,14611556.0,3895892302.0,3795786270.0,0.0038494148407360144
2021-04-12,265.2,267.36,260.0,260.99,13323255.0,3495254788.0,3795786270.0,0.003510011905912711
2021-04-13,261.26,268.22,261.26,262.9,13875729.0,3670699723.0,3795786270.0,0.00365556119681101
2021-04-14,262.91,267.61,261.25,263.78,14817752.0,3916715200.0,3795786270.0,0.0039037371827576584
2021-04-15,261.31,262.99,249.32,255.8,28595938.0,7267459255.0,3795786270.0,0.007533600673464684
2021-04-16,255.8,263.63,255.8,261.8,18754302.0,4877110716.0,3795786270.0,0.004940821391400417
2021-04-19,260.0,268.21,253.5,265.67,18815579.0,4960854542.0,3795786270.0,0.004956964818780484
2021-04-20,265.0,273.79,263.01,267.75,19914658.0,5367602760.0,3795786270.0,0.00524651721236138
2021-04-21,265.0,272.97,263.58,270.85,15923160.0,4295280589.0,3795786270.0,0.004194956951567244
2021-04-22,270.9,274.0,269.0,271.19,11627423.0,3157592142.0,3795786270.0,0.003063244917633363
2021-04-23,272.25,281.0,272.25,280.0,20783326.0,5769545850.0,3795786270.0,0.005475367821486957
2021-04-26,283.0,285.89,274.86,275.0,20390370.0,5710005243.0,3795786270.0,0.005371843552192415
2021-04-27,277.0,281.82,272.34,281.82,14231452.0,3950995457.0,3795786270.0,0.003749276431204331
2021-04-28,275.0,285.6,273.8,285.6,22027859.0,6211307911.0,3795786270.0,0.005803240075474534
2021-04-29,287.06,291.0,281.31,289.5,20693602.0,5941444369.0,3795786270.0,0.00545173003115373
2021-04-30,287.0,289.3,283.68,285.0,15803059.0,4521364969.0,3795786270.0,0.004163316339726367
2021-05-06,282.0,285.8,275.8,276.44,16866057.0,4713100400.0,3795786270.0,0.0044433631928385686
2021-05-07,280.01,280.23,271.28,272.1,12500753.0,3441009132.0,3795786270.0,0.0032933237307905643
2021-05-10,270.58,274.0,261.4,264.0,19524824.0,5183389746.0,3795786270.0,0.005143815434054984
2021-05-11,262.22,275.46,261.99,275.45,19232636.0,5208651090.0,3795786270.0,0.005066838497205481
2021-05-12,274.2,279.58,274.0,277.51,12106344.0,3356761371.0,3795786270.0,0.0031894166686050004
2021-05-13,274.19,278.55,272.5,276.0,9707922.0,2670400820.0,3795786270.0,0.0025575523249890464
2021-05-14,277.96,288.4,275.18,287.0,21808451.0,6208023603.0,3795786270.0,0.005745437031679869
2021-05-17,288.22,304.67,288.22,297.19,28061495.0,8373250452.0,3795786270.0,0.007392801650025463
2021-05-18,298.01,300.0,294.3,299.5,14728692.0,4370179796.0,3795786270.0,0.0038802743232431787
2021-05-19,298.0,309.1,296.03,302.79,16700066.0,5082549122.0,3795786270.0,0.004399632859202054
2021-05-20,304.7,307.98,301.56,303.51,14023985.0,4268328787.0,3795786270.0,0.0036946192441968027
2021-05-21,305.0,305.69,295.06,296.6,17262089.0,5161569643.0,3795786270.0,0.004547697834419956
2021-05-24,300.0,305.2,295.35,305.01,15708894.0,4729942081.0,3795786270.0,0.004138508567817755
2021-05-25,306.0,323.06,304.92,323.03,32305889.0,10261281424.0,3795786270.0,0.008510987369159749
2021-05-26,320.5,324.01,316.0,319.0,19075117.0,6100319124.0,3795786270.0,0.005025340112208162
2021-05-27,318.17,326.23,314.22,318.18,16436312.0,5251052173.0,3795786270.0,0.004330146860455344
2021-05-28,320.12,321.08,314.39,316.9,13024503.0,4116488946.0,3795786270.0,0.0034313056830778833
2021-05-31,315.3,315.62,309.32,315.12,17768388.0,5542253080.0,3795786270.0,0.0046810823202645705
2021-06-01,316.3,317.3,310.38,315.7,16387574.0,5152812416.0,3795786270.0,0.0043173068329792974
2021-06-02,315.7,318.37,308.5,311.84,15653208.0,4890684590.0,3795786270.0,0.004123838089545542
2021-06-03,311.84,320.0,310.18,313.61,17917736.0,5652744412.0,3795890086.0,0.004720298953355943
2021-06-04,312.0,318.5,309.51,315.3,17528770.0,5497026750.0,3881531371.0,0.0045159418602055655
2021-06-07,316.36,317.43,308.87,312.91,18737019.0,5843427389.0,3881531371.0,0.004827223384046173
2021-06-08,313.0,313.5,291.99,297.95,31165284.0,9408595822.0,3881531371.0,0.00802912073127748
2021-06-09,297.0,300.0,291.55,296.5,17157668.0,5075838988.0,3881531371.0,0.004420334749369722
2021-06-10,297.01,305.5,295.5,303.05,15077251.0,4565221138.0,3881531371.0,0.0038843563426142406
2021-06-11,303.06,304.0,296.0,301.57,15912782.0,4783871683.0,3881531371.0,0.004099614425092328
2021-06-15,301.52,304.05,292.77,299.26,14516108.0,4323376155.0,3881531371.0,0.0037397889164194004
2021-06-16,299.26,299.26,289.22,292.32,14062999.0,4120477427.0,3881531371.0,0.003623054319506104
2021-06-17,291.11,298.0,291.11,294.22,10904554.0,3213936359.0,3881531371.0,0.0028093432611342407
2021-06-18,295.31,297.0,286.0,291.0,19071578.0,5539524450.0,3881531371.0,0.00491341591169121
2021-06-21,293.0,297.3,291.0,296.87,20602803.0,6063841833.0,3881531371.0,0.005307905831685213
2021-06-22,298.0,302.5,297.3,299.89,16166358.0,4846385285.0,3881531371.0,0.004164943280062955
2021-06-23,299.3,299.5,290.0,290.94,23056410.0,6749757121.0,3881531371.0,0.00594002928129368
2021-06-24,288.5,295.0,284.18,292.7,16551834.0,4788276582.0,3881531371.0,0.0042642535684918985
2021-06-25,291.05,301.38,290.88,299.92,20522327.0,6107081700.0,3881531371.0,0.0052871727775609416
2021-06-28,300.01,306.53,300.01,306.31,16125387.0,4908850411.0,3881531371.0,0.004154387910008212
2021-06-29,306.48,306.64,296.68,298.55,15672026.0,4707055412.0,3881531371.0,0.004037588390265261
2021-06-30,296.0,302.4,295.49,297.89,10339509.0,3090106555.0,3881508186.0,0.0026637864728182234
2021-07-01,296.75,299.0,292.0,298.2,13631042.0,4012429334.0,3881508186.0,0.003511790094676358
2021-07-02,294.0,294.69,285.2,286.03,21169160.0,6104707042.0,3881508186.0,0.005453849118843518
2021-07-05,284.17,288.5,280.02,281.1,18054256.0,5106360245.0,3881508186.0,0.00465135074688723
2021-07-06,279.85,281.03,270.22,277.25,23895451.0,6571285948.0,3881508186.0,0.006156228418166732
2021-07-07,280.0,285.0,278.88,284.59,17454367.0,4936536497.0,3881508186.0,0.004496800254848155
2021-07-08,285.0,285.79,267.62,269.84,43957567.0,12010041261.0,3881508186.0,0.011324867781690671
2021-07-09,269.45,270.58,262.0,267.28,21367447.0,5702882116.0,3881508186.0,0.005504934158600793
2021-07-12,270.0,272.96,262.69,270.95,26424669.0,7111433622.0,3881508186.0,0.006807835442756425
2021-07-13,270.97,279.34,270.97,276.0,21899748.0,6044746555.0,3881508186.0,0.005642071831508434
2021-07-14,273.9,277.0,268.0,275.3,20921830.0,5710321393.0,3881508186.0,0.005390129041969255
2021-07-15,275.0,281.2,272.71,280.83,19549471.0,5443652588.0,3881508186.0,0.005036565701577526
2021-07-16,280.85,283.36,277.0,277.52,15151398.0,4230603079.0,3881508186.0,0.003903482170834716
2021-07-19,275.8,282.5,274.49,280.89,14331986.0,3994088405.0,3881508186.0,0.0036923755698089877
2021-07-20,279.0,284.21,277.77,282.3,13009223.0,3669251201.0,3881508186.0,0.0033515897369280983
2021-07-21,282.29,285.97,280.01,281.22,14960510.0,4226787177.0,3881508186.0,0.0038543033488787288
2021-07-22,282.51,284.66,278.65,280.1,14310378.0,4028250662.0,3881508186.0,0.0036868086615443247
2021-07-23,278.86,279.0,268.12,271.21,21230352.0,5760869080.0,3881508186.0,0.005469614124884394
2021-07-26,268.66,268.66,244.09,249.54,46213123.0,11693393538.0,3881508186.0,0.011905970768446036
2021-07-27,247.0,248.8,231.0,231.15,42331305.0,10158683399.0,3881508186.0,0.010905890950502815
2021-07-28,231.18,237.9,224.89,236.68,36114290.0,8397862029.0,3881508186.0,0.009304190090403173
2021-07-29,245.44,245.79,233.68,235.05,31322153.0,7483908399.0,3881508186.0,0.008069583136002176
2021-07-30,235.06,235.06,216.84,220.75,42797929.0,9495555500.0,3881508186.0,0.01102610813867803
2021-08-02,215.37,234.9,212.15,234.45,46844440.0,10454507733.0,3881508186.0,0.012068618113175866
2021-08-03,229.1,240.66,227.7,240.05,34171933.0,8061076933.0,3881508186.0,0.008803777130563031
2021-08-04,237.0,238.89,233.0,234.5,23028951.0,5412225849.0,3881508186.0,0.005932990450222897
2021-08-05,229.0,236.0,225.5,227.17,28551069.0,6538505734.0,3881508186.0,0.007355663734776933
2021-08-06,225.0,227.9,221.25,226.0,19152922.0,4306125513.0,3881508186.0,0.0049344020628583575
2021-08-09,224.0,236.68,222.0,230.01,26492924.0,6099681511.0,3881508186.0,0.006825420102308654
2021-08-10,231.26,250.0,227.38,248.9,46083746.0,11083250875.0,3881508186.0,0.011872639137080001
2021-08-11,245.97,251.12,241.97,246.2,25307547.0,6234986634.0,3881508186.0,0.006520029274002412
2021-08-12,245.0,248.6,237.15,237.92,23714946.0,5718032984.0,3881508186.0,0.006109724587348842
2021-08-13,237.0,243.0,236.0,240.8,16003140.0,3832138024.0,3881508186.0,0.004122918008448585
2021-08-16,240.0,244.37,238.4,240.7,13317313.0,3210893056.0,3881508186.0,0.0034309635228990344
2021-08-17,239.41,242.0,229.78,229.95,21873039.0,5137552315.0,3881508186.0,0.005635190743354006
2021-08-18,228.0,232.5,223.9,229.0,21264488.0,4858678333.0,3881508186.0,0.005478408644530938
2021-08-19,228.9,231.29,222.0,222.65,28968942.0,6520859198.0,3881508186.0,0.007463321114325224
2021-08-20,211.52,216.68,205.39,206.38,53400435.0,11218172732.0,3881508186.0,0.013757651006020576
2021-08-23,206.39,211.77,204.9,206.04,41836373.0,8684039375.0,3881508186.0,0.010778380720900533
2021-08-24,208.0,212.65,204.0,210.0,41190375.0,8606900863.0,3881508186.0,0.010611951083490515
2021-08-25,210.88,218.93,210.66,217.5,38179885.0,8242448408.0,3881508186.0,0.00983635307989532
2021-08-26,217.37,217.37,206.0,207.17,33228274.0,6953022888.0,3881508186.0,0.008560660549383677
2021-08-27,207.16,210.0,204.5,205.68,27190967.0,5618956602.0,3881508186.0,0.007005258187545144
2021-08-30,208.5,209.99,199.46,207.0,34732935.0,7094644686.0,3881508186.0,0.008948309094201148
2021-08-31,206.5,208.0,199.4,201.69,31855168.0,6427633947.0,3881508186.0,0.008206904758025931
2021-09-01,201.7,211.06,197.0,207.71,50364302.0,10338242748.0,3881508186.0,0.012975446549786048
2021-09-02,207.94,208.1,200.2,201.23,37460164.0,7590159049.0,3881508186.0,0.009650930052167099
2021-09-03,199.8,206.55,196.77,205.89,34479528.0,6994069662.0,3881508186.0,0.008883023388785402
2021-09-06,204.5,215.3,202.55,211.46,44070983.0,9315590568.0,3881508186.0,0.011354087351652954
2021-09-07,210.5,214.12,209.06,211.97,25937444.0,5483883908.0,3881508186.0,0.0066823107815545384
2021-09-08,212.0,212.71,206.0,207.72,21553677.0,4498947534.0,3881508186.0,0.005552912931561186
2021-09-09,207.73,209.21,205.0,207.33,17757531.0,3672149965.0,3881508186.0,0.004574904946497001
2021-09-10,207.33,214.4,206.5,213.7,31883473.0,6744385342.0,3881508186.0,0.008214197026557553
2021-09-13,212.0,214.7,206.99,207.79,26342826.0,5526541971.0,3881508186.0,0.006786750082098113
2021-09-14,207.72,209.81,205.24,205.73,23596742.0,4881373812.0,3881508186.0,0.006079271476254978
2021-09-15,203.0,204.55,196.7,198.5,38203577.0,7625717390.0,3881508186.0,0.009842456892863036
2021-09-16,196.0,199.58,192.43,197.0,33538704.0,6590288015.0,3881508186.0,0.008640637193802378
2021-09-17,196.0,205.0,194.07,201.95,29439702.0,5901688646.0,3881508186.0,0.0075846038676884555
2021-09-22,197.0,198.5,193.45,193.93,24908981.0,4852441664.0,3881508186.0,0.006417345991911815
2021-09-23,194.82,196.88,192.64,194.42,18811296.0,3661752984.0,3881508186.0,0.004846388336330047
2021-09-24,193.9,204.0,193.06,200.52,35053997.0,7023121319.0,3881508186.0,0.009031024880079952
2021-09-27,207.62,220.57,207.62,220.57,76006557.0,16521941311.0,3881508186.0,0.019581707253418634
2021-09-28,220.32,222.6,214.0,216.94,41145863.0,8943981562.0,3881508186.0,0.01060048337612858
2021-09-29,216.89,221.23,212.7,218.68,31136680.0,6769523773.0,3881508186.0,0.008021799390325953
2021-09-30,217.0,223.29,217.0,219.39,33190568.0,7321693531.0,3881508186.0,0.008550946284156568
2021-10-08,220.6,235.98,217.6,228.22,41627865.0,9498183647.0,3881508186.0,0.010724662426359237
2021-10-11,229.44,235.23,225.49,227.8,26146575.0,5990773979.0,3881508186.0,0.006736189580716757
2021-10-12,227.0,230.0,223.01,229.34,20342373.0,4632611153.0,3881508186.0,0.005240842483180068
2021-10-13,228.37,244.6,227.2,239.49,34777422.0,8246438709.0,3881508186.0,0.0089597703607677
2021-10-14,238.0,244.68,236.16,240.0,24058960.0,5770465386.0,3881508186.0,0.00619835353865205
2021-10-15,235.8,237.88,230.01,234.32,30215786.0,7060878521.0,3881508186.0,0.007784547797421546
2021-10-18,224.95,224.95,212.5,215.32,52228655.0,11335046053.0,3881508186.0,0.013455763197506753
2021-10-19,213.0,220.88,213.0,218.97,27151971.0,5912575917.0,3881508186.0,0.006995211577276318
2021-10-20,220.5,222.2,216.88,219.94,17171231.0,3767655125.0,3881508186.0,0.004423855413195823
2021-10-21,221.0,222.95,219.0,220.99,15781385.0,3483824011.0,3881508186.0,0.004065786865250218
2021-10-22,222.7,228.92,221.01,225.03,22614868.0,5094183380.0,3881508186.0,0.0058263094952545336
2021-10-25,223.0,224.89,218.0,220.36,24815964.0,5460700049.0,3881508186.0,0.006393381853349517
2021-10-26,220.36,223.0,218.0,220.66,17197532.0,3792558316.0,3881508186.0,0.004430631387569615
2021-10-27,219.01,220.66,214.0,216.0,20048493.0,4335703423.0,3881508186.0,0.005165129645304321
2021-10-28,217.0,219.98,213.78,215.29,21925324.0,4755135735.0,3881508186.0,0.005648661022816145
2021-10-29,215.27,221.53,215.08,216.51,23633532.0,5148687290.0,3881508186.0,0.006088749750739287
2021-11-01,200.0,209.52,196.9,204.94,58003653.0,11775758003.0,3881508186.0,0.014943586415509882
2021-11-02,203.98,205.9,199.65,201.32,34933447.0,7067034632.0,3881508186.0,0.008999967364747431
2021-11-03,201.52,202.5,198.68,199.13,21891968.0,4378799393.0,3881508186.0,0.005640067455985522
2021-11-04,201.09,207.86,200.3,206.82,29864162.0,6104737433.0,3881508186.0,0.007693958268004023
2021-11-05,206.82,214.7,206.81,210.31,30142997.0,6372245156.0,3881508186.0,0.007765795035218818
2021-11-08,210.0,212.41,207.76,210.99,15637386.0,3290544446.0,3881508186.0,0.004028688141481096
2021-11-09,209.68,212.68,207.55,208.77,15503934.0,3250092171.0,3881508186.0,0.003994306660467777
2021-11-10,208.77,209.88,203.2,205.7,17200267.0,3532443273.0,3881508186.0,0.004431336010584418
2021-11-11,205.66,207.0,203.58,206.51,16652085.0,3416388386.0,3881508186.0,0.004290106886818247
2021-11-12,207.37,207.67,203.11,203.85,15788512.0,3227721076.0,3881508186.0,0.004067623007197749
2021-11-15,204.99,207.5,203.11,204.7,20724480.0,4251527056.0,3881508186.0,0.0053392854032229
2021-11-16,205.89,213.45,205.11,212.0,31435675.0,6618521492.0,3881508186.0,0.00809883001493688
2021-11-17,211.05,213.0,209.0,211.51,17421460.0,3668952608.0,3881508186.0,0.004488322364702595
2021-11-18,209.99,210.98,207.55,208.62,13220262.0,2759820062.0,3881508186.0,0.003405960097593879
2021-11-19,207.88,216.5,207.4,212.6,24292959.0,5188161635.0,3881508186.0,0.006258639125796758
2021-11-22,214.0,222.0,213.0,215.97,31978276.0,6972004751.0,3881508186.0,0.008238621295541948
2021-11-23,214.99,218.5,213.36,214.8,19386637.0,4190535757.0,3881508186.0,0.004994614482567525
2021-11-24,218.0,227.98,218.0,224.42,47627847.0,10627879572.0,3881508186.0,0.012270448680692284
2021-11-25,228.0,229.15,222.17,222.95,28462827.0,6397889417.0,3881508186.0,0.0073329297881326175
2021-11-26,222.86,223.58,219.08,222.86,16247295.0,3602490661.0,3881508186.0,0.0041858201043093205
2021-11-29,220.5,225.0,220.25,224.73,19236411.0,4292901367.0,3881508186.0,0.004955911485484627
2021-11-30,224.98,225.5,218.0,218.0,23014598.0,5063790459.0,3881508186.0,0.0059292926607781215
2021-12-01,223.02,224.84,218.11,220.56,19248621.0,4256218970.0,3881508186.0,0.0049590571699492485
2021-12-02,220.6,223.9,219.31,222.75,17530974.0,3898019542.0,3881508186.0,0.004516536655321639
2021-12-03,223.5,232.8,223.3,229.45,34030029.0,7800955260.0,3881508186.0,0.00876721814544693
2021-12-06,231.0,235.0,229.0,232.3,28878669.0,6720204454.0,3881508186.0,0.007440063917464066
2021-12-07,235.0,239.65,233.15,234.0,30890437.0,7293861940.0,3881508186.0,0.007958359359234906
2021-12-08,234.01,244.51,231.28,244.0,39786891.0,9593919616.0,3881508186.0,0.010250368952848062
2021-12-09,245.0,254.96,242.68,251.0,47297011.0,11826016126.0,3881508186.0,0.012185214801450892
2021-12-10,248.72,250.9,244.5,247.0,33227496.0,8208024536.0,3881508186.0,0.008560460111831387
2021-12-13,252.0,257.21,249.0,249.98,35535037.0,9000318796.0,3881508186.0,0.009154956088504305
2021-12-14,249.0,253.0,246.21,250.0,22557352.0,5643907698.0,3881508186.0,0.005811491543766642
2021-12-15,248.1,248.91,243.0,243.8,26356782.0,6461313842.0,3881508186.0,0.0067903455917122215
2021-12-16,244.3,245.1,237.05,243.5,28971230.0,6971022372.0,3881508186.0,0.007463910575918595
2021-12-17,242.0,242.0,234.86,235.16,25483452.0,6040427057.0,3881508186.0,0.006565347998469995
2021-12-20,235.16,239.47,235.16,236.0,18882740.0,4471963228.0,3881508186.0,0.004864794583741218
2021-12-21,236.0,237.5,229.0,231.65,23454247.0,5446651925.0,3881508186.0,0.006042560230736043
2021-12-22,232.5,233.5,230.49,232.12,15199808.0,3524368527.0,3881508186.0,0.003915954127012628
2021-12-23,233.33,239.46,229.0,237.01,28205116.0,6610688704.0,3881508186.0,0.007266535235383889
2021-12-24,237.11,245.31,237.11,241.94,28942925.0,7012988263.0,3881508186.0,0.0074566183073869734
2021-12-27,238.9,239.5,233.0,236.21,18405368.0,4343284679.0,3881508186.0,0.004741808368815327
2021-12-28,236.3,239.58,235.5,237.58,14368216.0,3406736940.0,3881508186.0,0.0037017095704767375
2021-12-29,237.58,237.58,224.1,225.7,34975896.0,7998864967.0,3881508186.0,0.009010903577674433
2021-12-30,225.07,227.5,223.51,225.5,26476873.0,5963128773.0,3881508186.0,0.006821284854041526
2021-12-31,225.51,225.8,220.61,222.66,24043667.0,5340438229.0,3881497761.0,0.0061944302123738875
2022-01-04,222.66,223.88,218.08,223.56,20178673.0,4460248125.0,3881497761.0,0.005198682117699153
2022-01-05,222.82,227.28,221.03,223.75,20562209.0,4608528413.0,3881497761.0,0.005297493458994681
2022-01-06,223.32,226.0,218.14,219.48,19764347.0,4366330606.0,3881497761.0,0.005091938271505807
2022-01-07,219.47,220.5,216.52,217.66,16868239.0,3671458254.0,3881497761.0,0.0043458067062375925
2022-01-10,215.74,217.63,210.12,214.96,20842313.0,4477043193.0,3881497761.0,0.005369657354801705
2022-01-11,214.5,216.35,213.05,213.36,13162334.0,2819944193.0,3881497761.0,0.003391045109506634
2022-01-12,215.01,218.09,214.22,217.92,17894272.0,3865370482.0,3881497761.0,0.0046101461605351675
2022-01-13,219.0,219.04,208.0,208.9,26762334.0,5678771184.0,3881497761.0,0.006894847207925518
2022-01-14,207.01,210.34,206.5,207.2,13646759.0,2844403652.0,3881497761.0,0.003515848736824764
2022-01-17,206.78,209.0,203.5,208.84,16936224.0,3497443782.0,3881497761.0,0.004363321852242078
2022-01-18,208.8,213.98,206.31,211.49,18474875.0,3904185742.0,3881497761.0,0.004759728367134308
2022-01-19,214.33,214.33,208.28,210.8,14401864.0,3039014333.0,3881497761.0,0.0037103883312017195
2022-01-20,210.8,214.0,208.35,213.22,19468561.0,4146262234.0,3881497761.0,0.005015734182720297
2022-01-21,213.0,218.72,211.22,217.26,23974661.0,5195067275.0,3881497761.0,0.006176652023579514
2022-01-24,216.0,217.93,213.2,215.07,13800857.0,2968569093.0,3881497761.0,0.0035555493909249225
2022-01-25,213.55,215.0,208.0,208.36,15558209.0,3284058720.0,3881497761.0,0.004008300392782321
2022-01-26,208.1,211.76,202.23,206.05,21509539.0,4439752204.0,3881497761.0,0.0055415564620752075
2022-01-27,207.0,211.26,203.17,203.4,20992325.0,4339832717.0,3881497761.0,0.005408305322477294
2022-01-28,203.99,205.3,198.0,198.38,25781484.0,5160817186.0,3881497761.0,0.006642148363202418
2022-02-07,200.0,202.86,194.68,195.62,24808023.0,4899710426.0,3881497761.0,0.00639135316507529
2022-02-08,195.65,196.33,184.9,190.0,30451687.0,5740104552.0,3881497761.0,0.007845344471396695
2022-02-09,189.0,196.3,189.0,195.98,23742057.0,4585366337.0,3881497761.0,0.006116725671866232
2022-02-10,195.98,196.5,191.11,193.04,16874256.0,3254038393.0,3881497761.0,0.004347356881033636
2022-02-11,192.5,198.63,191.35,194.27,27374928.0,5365712652.0,3881497761.0,0.007052671336063666
2022-02-14,192.0,199.2,191.5,198.01,19031649.0,3747901335.0,3881497761.0,0.004903171448718504
2022-02-15,198.8,200.36,196.8,199.8,17739048.0,3537513876.0,3881497761.0,0.004570155412231861
2022-02-16,199.82,200.63,197.96,199.41,11908541.0,2375601897.0,3881497761.0,0.003068027275360832
2022-02-17,199.88,200.16,196.82,197.44,13054643.0,2583633352.0,3881497761.0,0.0033633004071698083
2022-02-18,197.0,199.38,195.45,199.0,11614365.0,2297554259.0,3881497761.0,0.0029922379749119737
2022-02-21,199.71,203.96,197.8,199.2,15192567.0,3044972483.0,3881497761.0,0.003914099127571286
2022-02-22,197.81,197.93,191.85,193.4,19367733.0,3749346934.0,3881497761.0,0.004989757612280638
2022-02-23,193.27,196.58,192.03,196.2,14797343.0,2875772247.0,3881497761.0,0.0038122765775311755
2022-02-24,194.0,195.0,187.3,188.69,25960987.0,4940978924.0,3881497761.0,0.006688394171148924
2022-02-25,189.99,192.97,189.99,190.48,13666374.0,2611874595.0,3881497761.0,0.0035209021984542116
2022-02-28,191.0,191.5,187.0,190.0,14309281.0,2700046289.0,3881497761.0,0.0036865359407842256
2022-03-01,190.1,193.89,190.06,193.19,20028521.0,3853590511.0,3881497761.0,0.005159998081472551
2022-03-02,191.3,191.41,188.4,189.2,15016488.0,2841554762.0,3881497761.0,0.0038687354533295582
2022-03-03,189.77,190.2,182.0,182.07,31288930.0,5775912552.0,3881497761.0,0.008061045484653057
2022-03-04,179.98,181.39,175.88,176.37,31292974.0,5577557114.0,3881497761.0,0.008062087350512321
2022-03-07,174.25,174.25,165.25,166.0,47738912.0,8036888481.0,3881497761.0,0.012299095591311357
2022-03-08,169.99,171.5,165.27,166.25,33350717.0,5611790680.0,3881497761.0,0.008592228838851055
2022-03-09,167.0,167.73,156.8,162.88,39921892.0,6488949487.0,3881497761.0,0.010285177129592064
2022-03-10,167.99,172.24,165.99,172.15,41773972.0,7087219598.0,3881497761.0,0.010762333143594979
2022-03-11,169.0,172.55,167.23,171.77,25797110.0,4378229004.0,3881497761.0,0.006646174128760498
2022-03-14,168.99,169.59,166.27,166.27,18140303.0,3043660701.0,3881497761.0,0.004673531743923116
2022-03-15,163.0,164.78,156.7,157.15,31294532.0,5020399486.0,3881497761.0,0.008062488741958597
2022-03-16,163.0,165.55,155.14,164.8,34899969.0,5622615397.0,3881497761.0,0.0089913665159525
2022-03-17,168.5,171.86,166.0,168.24,34829153.0,5869489576.0,3881497761.0,0.008973122012320027
2022-03-18,167.0,169.08,165.0,167.9,18585704.0,3107945065.0,3881497761.0,0.004788281520278842
2022-03-21,169.75,169.78,165.01,165.71,17105436.0,2842223351.0,3881497761.0,0.0044069163640566116
2022-03-22,165.7,167.3,164.0,164.3,12290508.0,2029492693.0,3881497761.0,0.003166434391252506
2022-03-23,164.32,167.29,162.74,165.94,18463877.0,3049956331.0,3881497761.0,0.004756894924819718
2022-03-24,164.4,164.4,160.68,161.36,19808605.0,3207819881.0,3881497761.0,0.005103340571011088
2022-03-25,163.55,163.58,156.68,157.19,21364110.0,3393360050.0,3881497761.0,0.005504089224180284
2022-03-28,154.3,154.3,150.5,151.2,27446634.0,4167231496.0,3881497761.0,0.00707114513262758
2022-03-29,150.99,153.77,149.11,149.18,23521130.0,3552871390.0,3881497761.0,0.006059807694939953
2022-03-30,152.97,156.95,151.16,156.95,32367269.0,4993851923.0,3881497761.0,0.008338860664874154
2022-03-31,156.0,156.6,154.5,155.06,20136648.0,3126382334.0,3881497761.0,0.005187855111582531
2022-04-01,155.0,162.23,154.45,159.9,28749478.0,4581621784.0,3881497761.0,0.007406800098885849
2022-04-06,158.0,162.26,157.5,160.01,17944305.0,2866077986.0,3881497761.0,0.004623036287769741
2022-04-07,159.0,163.89,158.53,160.45,18557169.0,2996915190.0,3881497761.0,0.004780929976684843
2022-04-08,161.0,162.77,159.5,160.59,16544628.0,2661592737.0,3881497761.0,0.0042624339929382225
2022-04-11,158.01,158.68,152.85,153.66,24257721.0,3752027960.0,3881497761.0,0.0062495774810779284
2022-04-12,154.26,164.69,154.26,163.88,33416391.0,5333900919.0,3881497761.0,0.008609148596131317
2022-04-13,162.8,165.0,160.63,162.32,23885459.0,3897075048.0,3881497761.0,0.006153670688668986
2022-04-14,163.9,173.0,162.93,171.57,43119146.0,7300575091.0,3881497761.0,0.011108893693884576
2022-04-15,170.0,174.0,168.6,169.9,22643958.0,3871918113.0,3881497761.0,0.005833819673302138
2022-04-18,168.9,168.9,164.21,167.18,18411135.0,3062759960.0,3881497761.0,0.004743306871123041
2022-04-19,168.0,170.0,164.04,165.0,16499269.0,2740121570.0,3881497761.0,0.004250748040042474
2022-04-20,165.49,169.0,161.64,165.9,20634107.0,3422120976.0,3881497761.0,0.005316016720999984
2022-04-21,164.0,166.53,161.68,162.58,17122910.0,2807078120.0,3881497761.0,0.0044114182344880655
2022-04-22,162.57,166.18,158.98,165.43,20014422.0,3268498122.0,3881497761.0,0.00515636572075302
2022-04-25,162.0,162.62,154.5,155.0,28635086.0,4556272568.0,3881497761.0,0.00737732900111803
2022-04-26,155.0,161.81,154.54,158.5,25453892.0,4045539333.0,3881497761.0,0.006557750014891738
2022-04-27,158.5,163.41,158.5,161.39,23927789.0,3849331178.0,3881497761.0,0.006164576272700315
2022-04-28,161.4,166.66,160.55,165.85,25711994.0,4235742307.0,3881497761.0,0.006624245480274541
2022-04-29,166.3,167.3,158.86,162.13,44874280.0,7241581133.0,3881497761.0,0.011561073266840924
2022-05-05,160.0,164.46,159.15,161.54,24480158.0,3973322638.0,3881497761.0,0.006306884483090134
2022-05-06,158.03,159.66,156.51,157.06,19086139.0,3007833167.0,3881497761.0,0.004917209844037831
2022-05-09,155.01,156.5,152.33,154.78,18623627.0,2874663797.0,3881497761.0,0.004798051717850778
2022-05-10,151.0,156.5,149.6,155.33,20108042.0,3092729204.0,3881497761.0,0.005180485276080519
2022-05-11,155.33,159.65,155.0,157.51,24390245.0,3846228734.0,3881497761.0,0.0062837199714669625
2022-05-12,156.2,159.68,156.1,158.08,17068607.0,2699983161.0,3881497761.0,0.0043974280164475925
2022-05-13,159.6,159.87,156.05,156.94,15255576.0,2401106195.0,3881497761.0,0.003930332294219762
2022-05-16,158.97,158.98,154.2,155.18,17765146.0,2767778351.0,3881497761.0,0.004576879105405724
2022-05-17,155.17,156.49,154.64,156.15,13341235.0,2078095646.0,3881497761.0,0.003437135822683784
2022-05-18,156.35,156.49,153.45,154.58,16560504.0,2560375192.0,3881497761.0,0.004266524166623112
2022-05-19,152.87,153.6,152.22,153.52,14878282.0,2273068154.0,3881497761.0,0.003833129095034405
2022-05-20,154.3,162.98,153.69,162.47,45229675.0,7222107585.0,3881497761.0,0.011652634571750304
2022-05-23,161.61,162.18,158.0,159.43,27645321.0,4410754725.0,3881497761.0,0.007122333362592915
2022-05-24,160.43,161.0,156.28,156.57,18855234.0,2974172509.0,3881497761.0,0.0048577212099543444
2022-05-25,156.45,158.56,155.0,157.45,16395707.0,2565767960.0,3881497761.0,0.004224067102328029
2022-05-26,157.0,159.7,155.0,157.22,19431756.0,3043721248.0,3881497761.0,0.005006252018291452
2022-05-27,159.65,161.5,157.29,157.95,21068308.0,3356383642.0,3881497761.0,0.005427881013274659
2022-05-30,160.01,167.75,160.0,166.18,51093206.0,8416468104.0,3881497761.0,0.013163270764540318
2022-05-31,166.0,172.82,165.02,171.4,48654483.0,8293724659.0,3881497761.0,0.012534976443594553
2022-06-01,172.99,173.3,169.03,170.41,21930245.0,3739434438.0,3881497761.0,0.0056499440036647235
2022-06-02,169.03,171.0,168.68,169.75,16522354.0,2801365549.0,3881497761.0,0.004256695486472032
2022-06-06,170.5,173.49,166.58,172.94,27814175.0,4762415124.0,3881497761.0,0.007165835641969857
2022-06-07,173.1,178.4,172.0,174.12,29507703.0,5177758449.0,3881497761.0,0.0076021435066853825
2022-06-08,174.3,179.99,173.02,178.13,32527871.0,5770812837.0,3881497761.0,0.00838023696080138
2022-06-09,178.36,179.9,175.79,176.01,20783889.0,3688662162.0,3881497761.0,0.005354605433198909
2022-06-10,175.03,178.5,173.5,177.42,21563045.0,3804237561.0,3881497761.0,0.005555341347007413
2022-06-13,175.19,176.4,171.1,172.51,26434591.0,4580799636.0,3881497761.0,0.006810409957106246
2022-06-14,170.2,174.0,169.65,173.8,19733328.0,3385240808.0,3881497761.0,0.005083946768763833
2022-06-15,173.82,179.9,171.79,177.28,32544108.0,5743255077.0,3881497761.0,0.008384420139821382
2022-06-16,178.0,181.0,177.0,177.6,20500586.0,3668452194.0,3881497761.0,0.005281617371001235
2022-06-17,176.5,181.18,176.5,181.18,28620361.0,5145018832.0,3881497761.0,0.00737353536244897
2022-06-20,182.76,187.0,179.0,183.49,31195435.0,5705313089.0,3881497761.0,0.008036958133388963
2022-06-21,182.66,185.5,180.45,181.66,21811575.0,3990195909.0,3881497761.0,0.0056193707540309465
2022-06-22,182.0,182.88,177.75,178.07,22352764.0,4006768455.0,3881497761.0,0.005758798632989859
2022-06-23,178.1,180.9,177.79,180.4,15972518.0,2867621353.0,3881497761.0,0.004115039859223044
2022-06-24,181.5,185.51,179.91,185.0,24518674.0,4504178661.0,3881497761.0,0.006316807456738863
2022-06-27,187.0,195.68,187.0,193.0,36637471.0,7058190240.0,3881497761.0,0.00943900351254125
2022-06-28,193.0,199.87,191.2,199.65,31678590.0,6232395066.0,3881497761.0,0.008161434567422902
2022-06-29,196.99,197.14,190.5,192.0,28997090.0,5625269619.0,3881497761.0,0.007470592999267738
2022-06-30,192.18,205.0,192.18,201.93,42521450.0,8521483468.0,3881445239.9999995,0.010955056008982882
2022-07-01,202.08,205.0,198.0,203.0,21936590.0,4418343886.0,3881445239.9999995,0.005651655155129795
2022-07-04,200.99,202.8,198.2,201.04,22587623.0,4525333761.0,3881445239.9999995,0.0058193846887815434
2022-07-05,201.65,202.66,196.26,198.61,26296492.0,5224558250.0,3881445239.9999995,0.0067749228377623595
2022-07-06,198.12,199.62,193.35,194.74,22763312.0,4459016820.0,3881445239.9999995,0.0058646484988153546
2022-07-07,194.74,194.74,188.47,191.59,26677066.0,5095578644.0,3881445239.9999995,0.006872972398291519
2022-07-08,193.35,194.8,190.96,192.7,16409671.0,3167643747.0,3881445239.9999995,0.004227721888458228
2022-07-11,190.02,190.8,186.0,189.38,19257469.0,3621672903.0,3881445239.9999995,0.004961417155018269
2022-07-12,188.78,192.74,187.54,190.0,16993479.0,3229606651.0,3881445239.9999995,0.004378131842457734
2022-07-13,189.57,194.78,187.61,193.1,18991870.0,3656106377.0,3881445239.9999995,0.00489298929282331
2022-07-14,191.17,193.56,189.05,190.13,15107930.0,2880607578.0,3881445239.9999995,0.0038923465528525663
2022-07-15,190.15,195.51,188.0,189.9,20720892.0,3979169055.0,3881445239.9999995,0.005338447593299037
2022-07-18,189.63,189.8,184.2,187.33,17803426.0,3320023855.0,3881445239.9999995,0.004586803342355025
2022-07-19,187.0,189.65,186.5,188.9,12021415.0,2259044880.0,3881445239.9999995,0.0030971491948705173
2022-07-20,190.8,191.5,188.0,189.11,11249772.0,2134516123.0,3881445239.9999995,0.0028983461840620998
2022-07-21,188.99,189.9,186.58,186.7,11072844.0,2082697378.0,3881445239.9999995,0.0028527631630325414
2022-07-22,187.5,188.5,185.0,185.91,11698563.0,2180797972.0,3881445239.9999995,0.003013970899148896
2022-07-25,186.85,188.5,184.75,188.08,12479902.0,2336297100.0,3881445239.9999995,0.003215271948548732
2022-07-26,188.86,192.0,188.68,190.99,13747445.0,2627310531.0,3881445239.9999995,0.0035418366484541728
2022-07-27,190.05,191.01,187.56,188.1,9749124.0,1844277553.0,3881445239.9999995,0.0025117252459292715
2022-07-28,188.45,190.5,186.85,187.12,9260926.0,1744687639.0,3881445239.9999995,0.002385947869252949
2022-07-29,186.49,186.49,177.8,178.4,34031091.0,6166191233.0,3881445239.9999995,0.008767633934209517
2022-08-01,178.5,179.99,176.82,178.58,15608201.0,2791638728.0,3881445239.9999995,0.004021234368876476
2022-08-02,176.9,178.66,173.08,175.66,17673794.0,3114640799.0,3881445239.9999995,0.004553405473266448
2022-08-03,175.88,179.5,174.3,174.59,15403054.0,2710918104.0,3881445239.9999995,0.003968381117750872
2022-08-04,174.6,177.49,174.45,176.78,13368553.0,2350151180.0,3881445239.9999995,0.0034442204316658094
2022-08-05,177.45,179.5,176.21,179.18,12701711.0,2260873414.0,3881445239.9999995,0.003272417930595358
2022-08-08,178.3,181.53,177.5,177.91,13025113.0,2331931588.0,3881445239.9999995,0.003355737926113316
2022-08-09,177.05,178.0,176.22,176.98,8538631.0,1511033063.0,3881445239.9999995,0.0021998586794438457
2022-08-10,175.58,177.5,173.0,174.0,14354932.0,2503385133.0,3881445239.9999995,0.0036983471651399627
2022-08-11,174.99,177.91,174.55,177.91,13967051.0,2468539674.0,3881445239.9999995,0.0035984150584074713
2022-08-12,178.3,179.66,176.71,178.7,10861895.0,1936659422.0,3881445239.9999995,0.002798415107873582
2022-08-15,177.63,179.6,175.7,176.0,13844011.0,2446911673.0,3881445239.9999995,0.003566715525786988
2022-08-16,175.97,177.3,174.7,175.23,10997543.0,1929236389.0,3881445239.9999995,0.0028333629150980887
2022-08-17,175.31,176.97,174.02,176.2,12211628.0,2144649842.0,3881445239.9999995,0.00314615491007159
2022-08-18,175.0,175.2,172.01,173.43,17955216.0,3110937648.0,3881445239.9999995,0.004625909909784017
2022-08-19,172.5,175.15,172.0,173.66,12603780.0,2189742325.0,3881445239.9999995,0.003247187380131634
2022-08-22,172.3,173.45,170.26,171.5,15513018.0,2663565072.0,3881445239.9999995,0.003996711802122449
2022-08-23,171.7,172.29,167.5,168.0,22924845.0,3868689013.0,3881445239.9999995,0.005906265213727452
2022-08-24,167.96,169.5,166.0,167.24,18025460.0,3021329673.0,3881445239.9999995,0.004644007292500152
2022-08-25,167.89,169.98,167.23,169.41,17485390.0,2949656306.0,3881445239.9999995,0.004504865821577326
2022-08-26,171.88,173.8,169.56,170.1,24378683.0,4181288062.0,3881445239.9999995,0.006280826211012062
2022-08-29,167.44,169.55,165.0,165.35,25430564.0,4218793350.0,3881445239.9999995,0.006551828617321934
2022-08-30,164.0,164.76,162.19,164.03,18643252.0,3046737234.0,3881445239.9999995,0.004803172748097305
2022-08-31,162.9,167.98,162.5,167.19,26733348.0,4444754516.0,3881445239.9999995,0.00688747266726865
2022-09-01,166.0,166.0,163.3,163.56,15844189.0,2607493588.0,3881445239.9999995,0.004082033371672661
2022-09-02,164.49,164.49,161.01,161.84,15592424.0,2524463032.0,3881445239.9999995,0.00401716964580956
2022-09-05,160.0,160.35,157.07,159.02,22432012.0,3551118312.0,3881445239.9999995,0.0057792936942220015
2022-09-06,159.02,161.35,158.27,160.53,14693767.0,2346001119.0,3881445239.9999995,0.0037856432569431282
2022-09-07,160.0,160.01,158.0,158.94,14150787.0,2245681618.0,3881445239.9999995,0.003645752065279685
2022-09-08,160.01,161.35,158.88,159.07,14867178.0,2377952564.0,3881445239.9999995,0.003830320172184112
2022-09-09,159.11,161.65,158.36,161.46,20318847.0,3269738015.0,3881445239.9999995,0.005234866330356886
2022-09-13,163.88,164.97,161.7,163.63,22455447.0,3676000837.0,3881445239.9999995,0.005785331393725911
2022-09-14,162.0,163.23,160.98,162.4,14343803.0,2325532850.0,3881445239.9999995,0.0036954799341700883
2022-09-15,162.67,166.5,162.1,164.4,24493222.0,4041538789.0,3881445239.9999995,0.006310335580053166
2022-09-16,164.0,164.79,160.78,161.08,17805222.0,2882822678.0,3881445239.9999995,0.004587266056599063
2022-09-19,160.75,165.13,159.52,163.02,17237096.0,2810086975.0,3881445239.9999995,0.004440896350247106
2022-09-20,164.0,165.96,162.17,165.79,18488126.0,3048376406.0,3881445239.9999995,0.004763206706994532
2022-09-21,165.19,165.77,163.3,163.45,12764774.0,2093973068.0,3881445239.9999995,0.0032886652292433223
2022-09-22,162.0,162.29,158.55,158.9,18211404.0,2916788948.0,3881445239.9999995,0.0046919131596456585
2022-09-23,158.0,160.62,157.9,159.13,12025892.0,1916778416.0,3881445239.9999995,0.003098302631212698
2022-09-26,158.0,163.99,157.77,162.11,21041611.0,3411760443.0,3881445239.9999995,0.005421076351446865
2022-09-27,163.93,171.4,161.99,170.83,35443991.0,5929460447.0,3881445239.9999995,0.009131647829198798
2022-09-28,170.55,172.54,169.5,169.6,24431050.0,4176068020.0,3881445239.9999995,0.006294317835075267
2022-09-29,172.49,172.52,167.55,168.51,17564712.0,2971843109.0,3881445239.9999995,0.004525302023840996
2022-09-30,169.89,172.0,168.86,169.23,16701001.0,2843915545.0,3881445239.9999995,0.004302778982397805
2022-10-10,169.5,170.1,158.69,158.9,25650912.0,4179453268.0,3881445239.9999995,0.006608598193182291
2022-10-11,158.91,160.01,154.9,158.59,16389813.0,2587296299.0,3881445239.9999995,0.004222605752902494
2022-10-12,158.3,158.3,152.0,156.6,24238545.0,3740666460.0,3881445239.9999995,0.0062447216181774606
2022-10-13,154.99,155.68,152.51,153.57,19140141.0,2950015936.0,3881445239.9999995,0.00493118923919174
2022-10-14,154.58,160.3,154.57,159.12,22872293.0,3619001261.0,3881445239.9999995,0.005892725927005479
2022-10-17,157.68,158.5,155.29,157.65,14670055.0,2301214745.0,3881445239.9999995,0.0037795341922690637
2022-10-18,158.68,160.98,158.02,158.7,13968916.0,2225727909.0,3881445239.9999995,0.0035988955495350494
2022-10-19,158.51,158.51,154.0,154.5,17392932.0,2703461176.0,3881445239.9999995,0.004481045312905149
2022-10-20,152.5,156.8,152.0,154.15,16120045.0,2484510764.0,3881445239.9999995,0.004153103806251303
2022-10-21,154.0,154.13,151.5,152.15,16321002.0,2488390106.0,3881445239.9999995,0.004204877562564814
2022-10-24,150.01,150.41,142.25,143.23,34403887.0,5003671163.0,3881445239.9999995,0.008863679601982484
2022-10-25,140.75,145.27,140.51,142.12,20962963.0,2986369243.0,3881445239.9999995,0.005400813795842706
2022-10-26,142.9,145.9,142.0,143.4,17959323.0,2580590731.0,3881445239.9999995,0.004626968020808662
2022-10-27,144.98,145.07,136.58,137.1,36965491.0,5154612980.0,3881445239.9999995,0.00952364099306474
2022-10-28,137.56,139.97,136.17,137.5,25586220.0,3534562740.0,3881445239.9999995,0.0065919312055011765
2022-10-31,135.2,136.4,132.33,133.5,22591665.0,3030064410.0,3881445239.9999995,0.005820426053466621
2022-11-01,135.55,142.58,133.41,142.58,39155069.0,5440179980.0,3881445239.9999995,0.010087755096088901
2022-11-02,142.0,146.38,140.06,143.62,31867439.0,4565035334.0,3881445239.9999995,0.008210199301948674
2022-11-03,141.01,141.5,139.71,140.92,19281931.0,2710951378.0,3881445239.9999995,0.004967719446687338
2022-11-04,140.5,152.0,140.35,150.0,47898344.0,7099560990.0,3881445239.9999995,0.0123403374357537
2022-11-07,149.0,152.7,147.68,151.14,22869078.0,3435765568.0,3881445239.9999995,0.005891897627286893
2022-11-08,151.01,152.27,146.11,147.49,23567786.0,3491479586.0,3881445239.9999995,0.006071909956921098
2022-11-09,147.2,149.05,145.08,145.4,15124223.0,2208052554.0,3881445239.9999995,0.0038965442160920458
2022-11-10,144.49,146.56,143.71,145.76,17674813.0,2568169859.0,3881445239.9999995,0.004553668004343661
2022-11-11,151.49,151.5,146.54,150.02,36853384.0,5514689559.0,3881445239.9999995,0.009494758194759435
2022-11-14,151.0,155.41,149.9,150.3,28195258.0,4287401009.0,3881445239.9999995,0.007264113302291495
2022-11-15,150.3,155.0,148.42,154.15,27656711.0,4223081945.0,3881445239.9999995,0.0071253642109865255
2022-11-16,154.15,156.5,153.08,154.21,18259366.0,2827414143.0,3881445239.9999995,0.004704269897158204
2022-11-17,153.5,155.79,151.0,152.6,16558118.0,2529048877.0,3881445239.9999995,0.004265967178761487
2022-11-18,153.0,155.3,152.71,153.61,14585598.0,2246335618.0,3881445239.9999995,0.0037577750291795955
2022-11-21,150.5,150.97,148.0,148.93,21762482.0,3243860975.0,3881445239.9999995,0.005606798667601453
2022-11-22,148.92,152.9,148.81,150.23,14376998.0,2162414726.0,3881445239.9999995,0.0037040321609689906
2022-11-23,150.23,151.5,148.9,149.77,11346208.0,1702094213.0,3881445239.9999995,0.002923191568715781
2022-11-24,151.0,151.49,147.0,147.81,15085804.0,2238041526.0,3881445239.9999995,0.003886646098863938
2022-11-25,147.93,148.93,146.4,147.38,10676624.0,1575517167.0,3881445239.9999995,0.0027506826297515924
2022-11-28,144.83,148.01,142.05,147.65,19013147.0,2750115838.0,3881445239.9999995,0.004898471013853593
2022-11-29,149.92,155.15,149.9,155.05,41040650.0,6284033998.0,3881445239.9999995,0.010573548630045854
2022-11-30,154.8,159.97,154.0,156.86,25228605.0,3961994532.0,3881445239.9999995,0.006499796709743096
2022-12-01,165.0,169.99,163.86,164.59,44092117.0,7325021108.0,3881445239.9999995,0.011359716361733344
2022-12-02,164.8,166.88,162.26,163.06,21047820.0,3461949872.0,3881445239.9999995,0.00542267601332951
2022-12-05,168.88,169.98,165.68,168.51,29795799.0,5007534615.0,3881445239.9999995,0.007676470272706979
2022-12-06,167.97,178.22,167.1,175.4,43369522.0,7576837371.0,3881445239.9999995,0.01117354988112624
2022-12-07,175.41,177.8,173.01,173.68,31128834.0,5443269231.0,3881445239.9999995,0.008019908069088205
2022-12-08,173.0,175.55,172.01,174.76,15644818.0,2723693946.0,3881445239.9999995,0.004030668226044586
2022-12-09,174.63,183.47,174.12,183.27,41957765.0,7550074236.0,3881445239.9999995,0.010809830464077345
2022-12-12,182.0,183.38,177.91,178.35,29905954.0,5387580973.0,3881445239.9999995,0.007704850165553283
2022-12-13,178.0,180.9,176.02,179.47,19276219.0,3447321253.0,3881445239.9999995,0.004966247829893383
2022-12-14,179.45,185.27,178.36,184.08,28698912.0,5255273237.0,3881445239.9999995,0.007393872700880872
2022-12-15,184.2,185.8,180.77,181.96,19934421.0,3643457579.0,3881445239.9999995,0.005135824355981382
2022-12-16,180.22,183.08,178.66,182.52,18642633.0,3377432022.0,3881445239.9999995,0.004803013271417428
2022-12-19,183.5,184.71,179.0,179.95,19418435.0,3512784488.0,3881445239.9999995,0.005002887790322144
2022-12-20,179.94,180.5,169.88,172.51,34345756.0,5965655880.0,3881445239.9999995,0.008848702964053668
2022-12-21,175.0,175.67,173.55,174.49,15385319.0,2687724560.0,3881445239.9999995,0.003963811943408997
2022-12-22,176.03,181.55,174.67,179.5,24442393.0,4381920906.0,3881445239.9999995,0.006297240200147717
2022-12-23,177.0,183.0,176.4,180.29,19861964.0,3587724307.0,3881445239.9999995,0.005117156824811987
2022-12-26,180.29,181.2,177.56,178.6,17829834.0,3198529055.0,3881445239.9999995,0.004593606993667133
2022-12-27,180.0,182.5,179.15,181.05,15227535.0,2758777142.0,3881445239.9999995,0.003923161105835929
2022-12-28,180.99,180.99,177.88,180.18,13937786.0,2503523214.0,3881445239.9999995,0.003590875341062393
2022-12-29,179.0,180.0,176.74,178.75,16850491.0,3003533017.0,3881445239.9999995,0.004341292987042116
2022-12-30,179.78,181.19,179.0,180.69,14976495.0,2702577295.0,3881445239.9999995,0.0038584841660679985
2023-01-03,181.0,181.81,176.51,178.2,18206204.0,3240728572.0,3881525907.0,0.004690475971618963
2023-01-04,178.0,180.5,176.3,178.62,12883584.0,2299619966.0,3881525907.0,0.0033192059794746077
2023-01-05,181.5,189.51,180.4,189.0,40279056.0,7535626606.0,3881525907.0,0.010377118938549442
2023-01-06,191.11,191.11,187.78,190.46,23338295.0,4428033739.0,3881525907.0,0.00601265985573132
2023-01-09,192.45,196.89,190.16,195.88,27557314.0,5362756421.0,3881525907.0,0.007099608416963736
2023-01-10,195.8,196.71,194.61,195.24,20275236.0,3965377701.0,3881525907.0,0.005223522008042081
2023-01-11,195.04,195.99,192.6,194.1,16999458.0,3304975110.0,3881525907.0,0.004379581228439808
2023-01-12,195.0,195.77,192.01,193.39,13822699.0,2675310869.0,3881525907.0,0.0035611507770879347
2023-01-13,193.39,199.41,193.34,198.58,24506446.0,4833945958.0,3881525907.0,0.00631361134439544
2023-01-16,200.0,209.27,200.0,206.52,36352479.0,7493040737.0,3881525907.0,0.0093655123966689
2023-01-17,207.0,207.78,201.61,202.86,21507890.0,4383014177.0,3881525907.0,0.005541091445818347
2023-01-18,204.93,211.79,204.32,205.8,27241217.0,5639270862.0,3881525907.0,0.007018172144844581
2023-01-19,206.45,206.5,202.35,205.3,18119892.0,3710296048.0,3881525907.0,0.004668239355899268
2023-01-20,207.89,212.0,207.1,208.72,27348025.0,5738958670.0,3881525907.0,0.007045689158142723
2023-01-30,218.59,219.89,214.28,217.6,32180876.0,7001555735.0,3881525907.0,0.008290779649818784
2023-01-31,216.99,217.77,208.9,209.0,25724708.0,5456751654.0,3881525907.0,0.0066274729620141625
2023-02-01,208.5,210.6,203.76,210.06,25655223.0,5334911717.0,3881525907.0,0.006609571497058154
2023-02-02,211.69,214.5,210.15,212.51,18327161.0,3899833436.0,3881525907.0,0.0047216382008293525
2023-02-03,210.0,212.0,206.0,210.0,19935209.0,4156921814.0,3881525907.0,0.005135920634729903
2023-02-06,199.53,204.53,197.28,201.7,33407544.0,6710340318.0,3881525907.0,0.008606806910589557
2023-02-07,201.7,205.3,201.5,203.17,15811588.0,3216023678.0,3881525907.0,0.0040735495212038016
2023-02-08,203.17,204.0,198.22,199.55,16905733.0,3384827004.0,3881525907.0,0.004355434796792662
2023-02-09,199.66,207.74,199.55,207.39,24493992.0,5026717804.0,3881525907.0,0.006310402812416421
2023-02-10,207.39,207.48,203.12,204.7,14032129.0,2872338309.0,3881525907.0,0.003615106361829057
2023-02-13,203.0,214.9,202.99,212.4,28908783.0,6110099289.0,3881525907.0,0.007447788239121496
2023-02-14,212.4,213.75,208.6,209.24,18490190.0,3886700986.0,3881525907.0,0.004763639466286834
2023-02-15,211.59,213.89,209.5,211.0,16925791.0,3584495859.0,3881525907.0,0.004360602352151195
2023-02-16,209.35,214.68,207.8,210.79,21337960.0,4522470620.0,3881525907.0,0.00549731227132062
2023-02-17,209.45,214.45,208.0,208.15,18446776.0,3901124993.0,3881525907.0,0.0047524546897221055
2023-02-20,208.2,213.8,205.5,212.95,19166754.0,4024080432.0,3881525907.0,0.004937943081980826
2023-02-21,212.5,212.62,208.5,210.08,13939573.0,2922693859.0,3881525907.0,0.003591261100398988
2023-02-22,208.45,210.54,206.5,207.5,14100545.0,2931801636.0,3881525907.0,0.003632732419631896
2023-02-23,206.5,208.22,203.7,205.1,14580801.0,2993988118.0,3881525907.0,0.0037564610798306855
2023-02-24,205.07,205.07,199.82,201.1,20395718.0,4104764614.0,3881525907.0,0.005254561862698911
2023-02-27,199.06,206.23,198.84,204.81,17299557.0,3517673755.0,3881525907.0,0.004456895925595067
2023-02-28,207.0,208.06,202.08,204.42,11480142.0,2342737529.0,3881525907.0,0.0029576363201122904
2023-03-01,204.17,208.85,202.9,207.38,15446575.0,3196937763.0,3881525907.0,0.0039795109887437365
2023-03-02,206.1,207.61,205.36,206.24,7447671.0,1537653714.0,3881525907.0,0.001918748239337721
2023-03-03,208.0,209.46,203.5,205.76,9283668.0,1912804916.0,3881525907.0,0.0023917573197843917
2023-03-06,205.01,206.5,202.58,204.58,11140226.0,2277420061.0,3881525907.0,0.002870063543801049
2023-03-07,204.35,204.35,200.11,200.45,12527207.0,2532351683.0,3881525907.0,0.0032273923452135803
2023-03-08,199.0,201.5,198.0,199.3,10219130.0,2035672770.0,3881525907.0,0.0026327609926731837
2023-03-09,199.0,199.7,193.9,198.0,16850486.0,3323035487.0,3881525907.0,0.00434120147687578
2023-03-10,196.21,199.58,195.17,195.24,11095657.0,2181297329.0,3881525907.0,0.0028585812038481907
2023-03-13,195.0,200.28,195.0,198.6,12647223.0,2510450830.0,3881525907.0,0.0032583121439926023
2023-03-14,198.7,198.72,193.7,195.28,10284259.0,2013558949.0,3881525907.0,0.002649540218565389
2023-03-15,198.0,199.33,192.3,192.32,12988009.0,2527648821.0,3881525907.0,0.0033461090589598378
2023-03-16,191.0,194.2,189.33,191.2,12054371.0,2309099790.0,3881525907.0,0.0031055753043567154
2023-03-17,193.85,194.24,188.0,188.5,15607045.0,2970579105.0,3881525907.0,0.00402085297739583
2023-03-20,190.0,190.59,185.0,185.9,15464264.0,2889012995.0,3881525907.0,0.003984068217118305
2023-03-21,187.4,193.11,185.22,192.24,18789280.0,3583069187.0,3881525907.0,0.004840694214127269
2023-03-22,192.25,196.08,191.42,191.77,10853212.0,2097093753.0,3881525907.0,0.002796119943558063
2023-03-23,190.9,195.99,190.06,194.58,13284214.0,2578838699.0,3881525907.0,0.0034224205424065457
2023-03-24,194.0,195.95,191.5,193.02,10253022.0,1984030938.0,3881525907.0,0.0026414926102926563
2023-03-27,192.81,192.84,189.0,190.41,11879852.0,2258153855.0,3881525907.0,0.003060613862856281
2023-03-28,190.39,193.91,190.21,192.5,10918609.0,2099319286.0,3881525907.0,0.00281296821446154
2023-03-29,194.0,196.0,191.6,195.28,15953932.0,3103306614.0,3881525907.0,0.004110221696892052
2023-03-30,195.28,198.96,194.18,198.39,15148689.0,2983220918.0,3881525907.0,0.0039027664281927462
2023-03-31,201.0,202.0,197.0,197.0,12758987.0,2541477089.0,3881525907.0,0.003287105974737991
2023-04-03,196.98,197.0,193.08,195.19,13366024.0,2604697434.0,3881525907.0,0.003443497304989133
2023-04-04,195.5,196.66,192.95,196.15,14247340.0,2772976031.0,3881525907.0,0.0036705513092946617
2023-04-06,195.0,195.0,189.07,190.54,15107492.0,2889971045.0,3881525907.0,0.0038921528187548433
2023-04-07,189.8,191.83,187.54,189.06,11303817.0,2139054072.0,3881525907.0,0.0029122095976776897
2023-04-10,185.0,185.02,178.2,184.65,33973209.0,6169351676.0,3881525907.0,0.008752539546040959
2023-04-11,183.97,184.15,180.01,180.53,19119446.0,3472021583.0,3881525907.0,0.004925755091707546
2023-04-12,181.0,181.11,175.55,175.82,27283391.0,4827573322.0,3881525907.0,0.007029037459416859
2023-04-13,176.0,179.9,175.55,177.88,21080214.0,3748131434.0,3881525907.0,0.005430909004622032
2023-04-14,178.22,178.5,175.03,175.59,14465308.0,2549260307.0,3881525907.0,0.0037267065444321922
2023-04-17,176.79,179.92,176.49,178.18,18555289.0,3301205327.0,3881525907.0,0.004780410963259867
2023-04-18,179.0,180.17,177.58,178.32,14406696.0,2574306113.0,3881525907.0,0.0037116062974148277
2023-04-19,178.67,178.96,175.5,176.29,12617246.0,2225609751.0,3881525907.0,0.0032505891503251017
2023-04-20,176.34,176.98,172.5,173.5,14800856.0,2578285584.0,3881525907.0,0.0038131539901119613
2023-04-21,174.0,175.3,171.8,172.0,12091951.0,2096658342.0,3881525907.0,0.00311525706377309
2023-04-24,172.1,172.9,167.5,168.0,17609069.0,2970098989.0,3881525907.0,0.004536635699955925
2023-04-25,168.0,169.88,165.65,169.8,15489726.0,2602607466.0,3881525907.0,0.003990628008450389
2023-04-26,169.1,171.18,167.58,168.61,14812682.0,2500348755.0,3881525907.0,0.0038162007300496423
2023-04-27,168.6,170.3,166.4,169.17,15039314.0,2530897181.0,3881525907.0,0.0038745880770441037
2023-04-28,171.26,171.95,167.88,169.0,17938564.0,3038219040.0,3881525907.0,0.004621523707377383
2023-05-04,172.5,172.95,167.45,168.95,26587793.0,4516684022.0,3881525907.0,0.006849830102138747
2023-05-05,168.95,174.1,168.25,173.71,25172690.0,4324694285.0,3881525907.0,0.006485256211894195
2023-05-08,174.5,175.5,170.79,171.4,17753373.0,3055844963.0,3881525907.0,0.004573812831696758
2023-05-09,170.83,177.5,170.0,174.77,22292312.0,3891367974.0,3881525907.0,0.005743182586981507
2023-05-10,172.8,174.5,171.59,173.32,11890994.0,2057577183.0,3881525907.0,0.0030634843834368357
2023-05-11,173.98,176.49,172.21,172.57,12289631.0,2138045981.0,3881525907.0,0.003166185488505101
2023-05-12,172.2,174.5,169.36,169.37,12959157.0,2218100021.0,3881525907.0,0.0033386758997612947
2023-05-15,168.25,172.49,168.03,172.44,13079986.0,2232478635.0,3881525907.0,0.003369805152249883
2023-05-16,172.3,172.36,169.8,170.49,9936468.0,1694257812.0,3881525907.0,0.0025599386009714452
2023-05-17,170.0,170.9,168.75,169.34,8602150.0,1458848098.0,3881525907.0,0.002216177401904431
2023-05-18,169.49,170.71,168.0,168.66,8780386.0,1484050324.0,3881525907.0,0.0022620964564903008
2023-05-19,168.09,171.26,166.75,170.8,12074586.0,2048104075.0,3881525907.0,0.003110783307725582
2023-05-22,170.89,179.06,169.08,177.61,30244522.0,5326580958.0,3881525907.0,0.007791915531326634
2023-05-23,177.8,178.5,174.0,174.0,13672431.0,2402618291.0,3881525907.0,0.003522437136215667
2023-05-24,173.52,173.98,170.35,170.35,13355066.0,2297763605.0,3881525907.0,0.003440674188446168
2023-05-25,169.42,169.68,167.45,168.2,14392525.0,2421836659.0,3881525907.0,0.0037079554136285196
2023-05-26,168.2,171.89,168.0,170.1,12287480.0,2088300565.0,3881525907.0,0.0031656313250004544
2023-05-29,170.94,171.85,167.58,168.26,12976880.0,2191774954.0,3881525907.0,0.0033432418875775907
2023-05-30,168.0,169.45,163.5,165.17,18360334.0,3039522846.0,3881525907.0,0.004730184582019331
2023-05-31,165.0,165.13,160.02,161.18,21344841.0,3448000885.0,3881525907.0,0.005499085027748083
2023-06-01,162.49,166.6,161.2,163.32,16901644.0,2774057591.0,3881525907.0,0.004354381345109491
2023-06-02,165.0,168.4,163.33,167.9,19208397.0,3199284099.0,3881525907.0,0.004948671594683755
2023-06-05,167.28,167.68,164.63,165.2,11344697.0,1879812886.0,3881525907.0,0.0029227415382030064
2023-06-06,166.3,168.43,164.53,165.62,13536764.0,2256103842.0,3881525907.0,0.003487485160304509
2023-06-07,166.15,167.05,164.0,164.0,9532561.0,1574392183.0,3881525907.0,0.002455879782435264
2023-06-08,164.21,166.07,163.02,164.82,9157282.0,1504742545.0,3881525907.0,0.002359196413834473
2023-06-09,164.94,165.98,163.8,164.59,11963517.0,1970427702.0,3881525907.0,0.0030821685302743493
2023-06-12,164.02,172.0,162.94,170.41,24183801.0,4073838204.0,3881525907.0,0.006230488106851634
2023-06-13,170.0,173.9,169.41,173.08,18293646.0,3156768739.0,3881525907.0,0.00471300370996081
2023-06-14,174.8,179.35,172.66,177.68,24101542.0,4279986457.0,3881525907.0,0.006209295668112102
2023-06-15,179.21,182.82,178.0,182.0,24045009.0,4346343723.0,3881525907.0,0.006194731035193372
2023-06-16,182.6,185.6,181.5,184.08,21631380.0,3975777954.0,3881525907.0,0.0055729062534375096
2023-06-19,183.0,183.71,176.5,177.54,24234172.0,4330534593.0,3881525907.0,0.006243465219772395
2023-06-20,177.0,178.4,173.6,174.01,17868934.0,3129124755.0,3881525907.0,0.004603584885978709
2023-06-21,173.99,174.89,171.2,171.4,13948450.0,2409049470.0,3881525907.0,0.0035935480875820417
2023-06-26,169.5,169.89,165.0,166.66,21934031.0,3652673794.0,3881525907.0,0.005650878423983684
2023-06-27,164.17,166.5,162.2,166.12,20067906.0,3307807251.0,3881525907.0,0.005170107447643013
2023-06-28,165.23,168.6,164.38,166.67,11942640.0,1990481708.0,3881525907.0,0.003076789975422416
2023-06-29,166.0,166.5,163.27,163.81,11772352.0,1934965472.0,3881525907.0,0.0030329185691559007
2023-06-30,164.7,165.1,162.8,163.57,10337054.0,1695951752.0,3881525907.0,0.0026631418281552644
2023-07-03,163.27,167.49,162.85,167.36,17337306.0,2875749982.0,3881525907.0,0.004466621224589446
2023-07-04,167.0,168.5,165.55,168.22,12595742.0,2107039768.0,3881525907.0,0.0032450490610624696
2023-07-05,167.52,167.6,165.0,165.38,11541608.0,1911856439.0,3881525907.0,0.00297347184497357
2023-07-06,165.3,166.81,163.85,164.3,10144977.0,1672166188.0,3881525907.0,0.002613656907893981
2023-07-07,164.19,165.0,163.32,163.66,7896985.0,1294178678.0,3881525907.0,0.0020345052923023037
2023-07-10,164.98,166.5,164.21,164.6,9671525.0,1597774605.0,3881525907.0,0.0024916811665634466
2023-07-11,165.45,165.76,163.88,165.14,7020562.0,1156564822.0,3881525907.0,0.0018087118747137606
2023-07-12,165.2,166.66,165.0,165.46,11884029.0,1970009880.0,3881525907.0,0.0030616899860356904
2023-07-13,167.88,173.0,166.65,172.65,32351360.0,5531880616.0,3881525907.0,0.008334701551690558
2023-07-14,173.6,174.33,170.79,171.99,15072288.0,2594877559.0,3881525907.0,0.0038830831897369066
2023-07-17,170.5,170.98,168.16,169.66,9325675.0,1575729874.0,3881525907.0,0.002402579610039944
2023-07-18,169.7,170.23,168.0,168.4,8195902.0,1381227321.0,3881525907.0,0.002111515470042179
2023-07-19,167.82,168.76,166.81,168.32,7685551.0,1288284983.0,3881525907.0,0.0019800334157604785
2023-07-20,169.0,171.28,168.08,168.56,12750198.0,2163844782.0,3881525907.0,0.0032848416590511758
2023-07-21,169.88,174.0,167.88,171.27,19538688.0,3356305157.0,3881525907.0,0.0050337646760939166
2023-07-24,169.13,170.0,167.9,169.36,13171639.0,2222174196.0,3881525907.0,0.0033934177732128684
2023-07-25,176.0,180.67,175.17,179.5,44063194.0,7867658288.0,3881525907.0,0.01135202882983102
2023-07-26,179.5,180.68,176.85,177.8,17402543.0,3104017698.0,3881525907.0,0.004483428274590671
2023-07-27,178.97,180.85,176.85,178.46,18798706.0,3367125650.0,3881525907.0,0.004843122640531174
2023-07-28,177.3,182.16,176.63,181.18,31969316.0,5753479230.0,3881525907.0,0.008236275311816437
2023-07-31,186.6,188.57,180.98,181.0,31559353.0,5816020903.0,3881525907.0,0.008130656282130026
2023-08-01,181.69,184.15,178.5,179.88,19571803.0,3543719056.0,3881525907.0,0.005042296114706829
2023-08-02,179.0,180.99,177.2,177.98,15508019.0,2770075424.0,3881525907.0,0.003995340845730957
2023-08-03,177.04,179.96,175.13,178.6,15264598.0,2712382851.0,3881525907.0,0.003932628137937094
2023-08-04,181.39,182.5,178.7,179.28,14347761.0,2585669217.0,3881525907.0,0.003696422835701042
2023-08-07,178.3,179.28,176.4,177.31,15692962.0,2784302714.0,3881525907.0,0.004042987829013091
2023-08-08,176.18,178.06,175.18,176.88,11614322.0,2050696313.0,3881525907.0,0.0029922051992631463
2023-08-09,177.46,177.88,176.1,177.18,8679551.0,1536212479.0,3881525907.0,0.0022361182709993437
2023-08-10,176.88,177.0,174.66,176.31,10423785.0,1833070604.0,3881525907.0,0.002685486391112731
2023-08-11,177.46,177.55,172.27,172.36,14888627.0,2590746331.0,3881525907.0,0.0038357664889340642
2023-08-14,170.0,170.33,166.0,168.62,21094514.0,3548868735.0,3881525907.0,0.00543459312276078
2023-08-15,168.61,168.9,165.69,166.5,16814467.0,2803400143.0,3881525907.0,0.004331921878886999
2023-08-16,166.28,167.4,165.2,166.7,11627666.0,1937166439.0,3881525907.0,0.0029956430225109407
2023-08-17,165.9,168.61,164.5,168.44,16693182.0,2790070935.0,3881525907.0,0.004300675146826993
2023-08-18,168.42,168.68,163.5,163.53,27947953.0,4605753431.0,3881525907.0,0.007200248992180693
2023-08-21,162.18,164.36,161.38,161.97,16450664.0,2676283338.0,3881525907.0,0.004238195079500213
2023-08-22,162.62,163.5,160.48,162.15,15692086.0,2538910286.0,3881525907.0,0.004042762144573263
2023-08-23,162.05,162.14,160.0,160.01,14683900.0,2360128006.0,3881525907.0,0.003783022541088504
2023-08-24,160.08,163.5,159.21,162.26,17589545.0,2842412944.0,3881525907.0,0.004531605719358657
2023-08-25,161.02,162.77,160.55,161.55,11630171.0,1877818205.0,3881525907.0,0.002996288387261819
2023-08-28,168.01,168.99,157.01,157.49,54577070.0,8739965733.0,3881525907.0,0.014060725422848504
2023-08-29,156.0,160.1,155.33,159.4,23873176.0,3780207169.0,3881525907.0,0.006150461589589489
2023-08-30,159.4,160.12,157.6,157.82,22598663.0,3580879500.0,3881525907.0,0.005822107990892253
2023-08-31,157.82,157.83,155.83,155.91,22001837.0,3443917303.0,3881525907.0,0.005668347327096689
2023-09-01,157.0,159.96,157.0,159.74,23238672.0,3701951294.0,3881525907.0,0.00598699391857492
2023-09-04,161.6,168.0,161.6,167.93,46496459.0,7710567732.0,3881525907.0,0.011978912446815726
2023-09-05,167.8,168.23,165.24,165.72,19055024.0,3170571173.0,3881525907.0,0.004909158010677165
2023-09-06,165.06,166.45,164.0,165.69,13049265.0,2155900998.0,3881525907.0,0.003361890481386912
2023-09-07,165.0,165.17,162.9,163.1,11886106.0,1947052986.0,3881525907.0,0.0030622250848730457
2023-09-08,162.26,162.7,160.5,161.92,10497211.0,1695834401.0,3881525907.0,0.0027044031784173275
2023-09-11,161.0,165.31,160.15,164.35,16068274.0,2625927003.0,3881525907.0,0.004139679699424971
2023-09-12,163.4,164.06,162.61,162.98,8942828.0,1459902261.0,3881525907.0,0.0023039464927626465
2023-09-13,164.0,165.39,162.45,163.65,13114721.0,2150208870.0,3881525907.0,0.0033787539524980943
2023-09-14,163.65,164.23,161.03,162.0,13047323.0,2115828262.0,3881525907.0,0.0033613901626858315
2023-09-15,162.07,163.04,159.3,159.71,17755546.0,2846912333.0,3881525907.0,0.004574372663075465
2023-09-18,159.0,163.01,158.01,162.8,16298317.0,2634257628.0,3881525907.0,0.004198945824529312
2023-09-19,162.01,162.2,159.5,160.91,11367416.0,1824120706.0,3881525907.0,0.002928594648692113
2023-09-20,160.2,161.0,159.7,159.84,8712360.0,1394723511.0,3881525907.0,0.0022445708746367
2023-09-21,159.0,159.5,157.52,157.66,12945475.0,2046008259.0,3881525907.0,0.0033351509973574937
2023-09-22,157.0,160.31,156.7,159.92,15431992.0,2451918127.0,3881525907.0,0.003975753961134131
2023-09-25,159.76,159.88,158.6,158.9,10536495.0,1676603466.0,3881525907.0,0.0027145239404426833
2023-09-26,158.88,159.47,156.65,156.65,12501574.0,1969171205.0,3881525907.0,0.0032207884990422143
2023-09-27,156.66,158.65,156.0,156.59,13281201.0,2083949327.0,3881525907.0,0.003421644301291018
2023-09-28,156.59,157.38,155.68,156.1,12385723.0,1933102453.0,3881525907.0,0.003190941731874933
2023-10-09,156.09,156.09,151.8,154.27,15357335.0,2365643872.0,3881525907.0,0.003956520030512835
2023-10-10,155.49,156.58,153.06,153.41,12717530.0,1965311404.0,3881525907.0,0.003276425381333929
2023-10-11,154.57,155.23,153.36,153.7,9912197.0,1526531427.0,3881525907.0,0.002553685647730497
2023-10-12,155.25,156.0,154.21,155.73,13797215.0,2144168262.0,3881525907.0,0.0035545853178817906
2023-10-13,154.5,154.5,152.01,153.63,14293386.0,2189951711.0,3881525907.0,0.0036824141697014315
2023-10-16,153.08,153.4,149.71,150.14,15236613.0,2299307440.0,3881525907.0,0.003925418344502628
2023-10-17,150.14,151.24,148.56,150.41,10720176.0,1610282340.0,3881525907.0,0.002761845793858307
2023-10-18,149.98,151.32,149.18,149.24,10110520.0,1516335019.0,3881525907.0,0.002604779728963432
2023-10-19,148.0,148.0,143.96,144.25,21738492.0,3161472147.0,3881525907.0,0.005600501586449929
2023-10-20,143.0,145.93,142.57,143.7,13316438.0,1920618082.0,3881525907.0,0.003430722432120044
2023-10-23,143.64,145.81,142.4,143.75,12029229.0,1727517066.0,3881525907.0,0.003099097954829134
2023-10-24,143.76,144.99,141.7,144.05,16707389.0,2395874813.0,3881525907.0,0.004304335305316307
2023-10-25,146.95,151.0,146.95,149.34,25442154.0,3792234580.0,3881525907.0,0.006554678394421444
2023-10-26,148.0,151.2,147.8,151.05,14617728.0,2187779863.0,3881525907.0,0.0037659746064397453
2023-10-27,150.57,153.55,150.16,152.99,17065390.0,2603681374.0,3881525907.0,0.004396567331735189
2023-10-30,155.95,158.36,155.0,156.6,27403019.0,4289723343.0,3881525907.0,0.00705985729750792
2023-10-31,157.5,157.65,155.02,156.0,14497863.0,2261223857.0,3881525907.0,0.0037350937098872233
2023-11-01,166.0,167.28,160.0,160.0,46934602.0,7622902568.0,3881525907.0,0.012091791507911221
2023-11-02,160.08,160.96,157.73,157.9,16513168.0,2623333602.0,3881525907.0,0.004254298024964851
2023-11-03,157.9,160.0,157.66,159.67,13814386.0,2200311516.0,3881525907.0,0.003559009093585318
2023-11-06,160.67,160.87,158.5,159.84,13751203.0,2192590029.0,3881525907.0,0.0035427312169167497
2023-11-07,159.3,159.9,158.0,159.31,10730364.0,1705482356.0,3881525907.0,0.002764470534809186
2023-11-08,158.5,159.78,157.57,158.63,12646303.0,2003995988.0,3881525907.0,0.003258075123804655
2023-11-09,158.0,159.5,158.0,158.55,9198879.0,1458982552.0,3881525907.0,0.0023699130755280053
2023-11-10,157.5,158.28,156.5,156.9,8963080.0,1407108917.0,3881525907.0,0.002309164028465159
2023-11-13,156.89,157.17,154.06,154.88,12557539.0,1948615157.0,3881525907.0,0.0032352067977579517
2023-11-14,155.88,157.89,155.0,155.9,11299159.0,1764357473.0,3881525907.0,0.0029110095541608864
2023-11-15,157.81,158.14,156.7,157.25,10175715.0,1601063926.0,3881525907.0,0.0026215759584778163
2023-11-16,157.0,157.7,156.13,156.37,7036398.0,1102563043.0,3881525907.0,0.0018127917135141254
2023-11-17,155.5,156.48,154.36,155.0,8452069.0,1309342331.0,3881525907.0,0.00217751193796167
2023-11-20,154.99,155.94,153.6,154.4,11485928.0,1773729316.0,3881525907.0,0.0029591269709899684
2023-11-21,155.0,156.64,153.25,155.3,16697698.0,2595787144.0,3881525907.0,0.004301838606793048
2023-11-22,154.2,154.92,153.51,153.51,8691277.0,1338320986.0,3881525907.0,0.0022391392478731172
2023-11-23,153.0,153.45,151.85,153.07,9457601.0,1442390954.0,3881525907.0,0.002436567789730329
2023-11-24,152.9,153.88,152.31,153.23,9309548.0,1425448392.0,3881525907.0,0.0023984248007236086
2023-11-27,152.79,152.8,148.89,149.25,18526959.0,2774364092.0,3881525907.0,0.004773112287254921
2023-11-28,149.29,150.08,147.65,148.75,13910316.0,2066506936.0,3881525907.0,0.0035837236007916205
2023-11-29,148.58,148.6,146.9,148.3,8648476.0,1279519709.0,3881525907.0,0.002228112398890141
2023-11-30,148.17,149.39,148.01,149.15,10683306.0,1591108412.0,3881525907.0,0.002752346952195674
2023-12-01,149.0,149.0,146.01,147.21,13430375.0,1977001207.0,3881525907.0,0.0034600760942441393
2023-12-04,146.49,147.67,145.59,145.85,10695582.0,1565168595.0,3881525907.0,0.002755509625920938
2023-12-05,145.5,145.83,142.24,142.67,15041103.0,2167619335.0,3881525907.0,0.003875048978257406
2023-12-06,142.6,145.2,141.66,144.1,14474212.0,2081995217.0,3881525907.0,0.0037290004876425007
2023-12-07,144.1,144.27,141.5,142.52,15107094.0,2152755582.0,3881525907.0,0.0038920502817604923
2023-12-08,142.52,144.3,142.22,142.93,14475928.0,2075536415.0,3881525907.0,0.0037294425818191505
2023-12-11,139.6,140.0,136.56,139.2,32312072.0,4465383123.0,3881525907.0,0.008324579759142647
2023-12-12,138.0,139.68,137.73,139.3,14402267.0,2002700042.0,3881525907.0,0.0037104652513143717
2023-12-13,138.6,138.68,133.58,133.78,31864580.0,4313281476.0,3881525907.0,0.008209292109202454
2023-12-14,135.0,135.98,132.65,132.65,21441794.0,2872608826.0,3881525907.0,0.005524063091098158
2023-12-15,133.67,135.8,132.8,133.7,20013278.0,2685090416.0,3881525907.0,0.005156033601091716
2023-12-18,132.05,134.8,131.87,134.0,12930013.0,1727901875.0,3881525907.0,0.003331167512416142
2023-12-19,133.99,133.99,132.56,133.33,13016041.0,1732968200.0,3881525907.0,0.0033533309610343405
2023-12-20,133.85,133.93,132.1,132.13,10629969.0,1411911255.0,3881525907.0,0.0027386057067994214
2023-12-21,131.88,134.45,131.48,134.1,17664844.0,2355445616.0,3881525907.0,0.004551005048850238
2023-12-22,134.06,134.8,132.57,133.42,16402338.0,2191023169.0,3881525907.0,0.004225744821236356
2023-12-25,133.32,134.57,132.95,134.55,9862125.0,1322860817.0,3881525907.0,0.0025407855663708186
2023-12-26,134.55,134.55,133.61,134.32,7367832.0,986855945.0,3881525907.0,0.0018981792667447472
2023-12-27,134.32,134.78,133.03,133.83,10430850.0,1395667157.0,3881525907.0,0.002687306551577784
2023-12-28,133.83,141.14,133.55,140.1,33610901.0,4647651265.0,3881525907.0,0.008659197904459588
2023-12-29,140.0,141.64,139.29,140.31,19454076.0,2730826835.0,3881525907.0,0.005011966032460646
2024-01-02,140.3,140.3,135.8,136.0,21526999.0,2947170557.0,3881525907.0,0.005546014509700398
2024-01-03,135.98,136.67,133.75,134.88,16417109.0,2211980500.0,3881525907.0,0.004229550283406108
2024-01-04,134.88,134.9,132.01,132.32,17876323.0,2371204452.0,3881525907.0,0.004605488518770822
2024-01-05,132.0,133.3,130.78,131.24,15630369.0,2062827516.0,3881525907.0,0.004026861954421576
2024-01-08,131.01,131.14,128.0,128.1,21020047.0,2706248456.0,3881525907.0,0.005415408141960908
2024-01-09,128.1,129.38,127.41,127.81,17483816.0,2241449420.0,3881525907.0,0.004504366689520076
2024-01-10,127.81,129.58,126.01,128.8,16530411.0,2118536476.0,3881525907.0,0.004258740350074392
2024-01-11,128.7,130.5,127.22,129.62,15646396.0,2021717964.0,3881525907.0,0.004030991000674004
2024-01-12,128.88,130.12,128.1,128.75,11920766.0,1539729131.0,3881525907.0,0.003071154562823326
2024-01-15,128.0,129.39,127.08,128.68,11582558.0,1485609939.0,3881525907.0,0.002984021819643622
2024-01-16,127.92,129.28,126.93,128.41,12528653.0,1604334708.0,3881525907.0,0.0032277648791176803
2024-01-17,127.6,127.8,125.14,125.14,17675746.0,2232551975.0,3881525907.0,0.0045538137380774155
2024-01-18,124.8,128.13,123.19,127.9,23594821.0,2961463082.0,3881525907.0,0.006078748813050238
2024-01-19,127.0,129.51,126.12,128.89,22502046.0,2891090564.0,3881525907.0,0.005797216491436908
2024-01-22,128.4,129.15,125.8,127.0,21340958.0,2733754456.0,3881525907.0,0.005498084647976562
2024-01-23,126.8,128.12,125.48,127.38,16198659.0,2053575260.0,3881525907.0,0.004173270870300544
2024-01-24,128.18,128.48,125.26,128.05,16682387.0,2118643963.0,3881525907.0,0.004297894024078196
2024-01-25,128.0,131.11,127.56,131.11,27342127.0,3546308960.0,3881525907.0,0.007044169652633468
2024-01-26,130.11,131.99,129.5,131.0,19317416.0,2522565252.0,3881525907.0,0.004976758229324888
2024-01-29,131.09,133.67,131.09,131.78,21614965.0,2860907562.0,3881525907.0,0.005568677246497121
2024-01-30,130.8,130.9,127.58,127.71,17071977.0,2196117733.0,3881525907.0,0.004398264344754765
2024-01-31,127.5,128.68,126.29,126.3,13521837.0,1717132839.0,3881525907.0,0.0034836395077550617
2024-02-01,125.74,127.72,125.14,126.5,13787549.0,1745356476.0,3881525907.0,0.0035520950601245077
2024-02-02,126.5,128.65,122.56,123.82,21086217.0,2658388905.0,3881525907.0,0.005432455561348389
2024-02-05,123.82,127.88,122.91,126.57,30804209.0,3864410349.0,3881525907.0,0.007936108050817655
2024-02-06,126.0,133.0,125.7,132.99,32384190.0,4239033653.0,3881525907.0,0.008343159565571334
2024-02-07,133.11,134.7,132.1,133.87,29067328.0,3882655957.0,3881525907.0,0.007488634288793374
2024-02-08,134.8,136.12,132.7,133.59,24374798.0,3267001019.0,3881525907.0,0.006279694786022718
2024-02-19,138.9,138.95,134.78,136.15,28857883.0,3951748630.0,3881525907.0,0.007434674839592665
2024-02-20,136.0,137.0,133.0,134.38,21181874.0,2841706724.0,3881525907.0,0.005457099735390224
2024-02-21,133.4,142.68,132.84,141.02,46656281.0,6492866977.0,3881525907.0,0.0120200874908137
2024-02-22,140.11,141.66,139.43,141.1,18840109.0,2646660001.0,3881525907.0,0.004853789321880726
2024-02-23,141.04,143.38,140.05,141.71,18439323.0,2613714172.0,3881525907.0,0.004750534568569093
2024-02-26,141.5,142.28,139.05,139.76,13994707.0,1961062780.0,3881525907.0,0.0036054653080536555
2024-02-27,139.01,139.8,138.05,139.76,15061741.0,2092382021.0,3881525907.0,0.0038803659593866007
2024-02-28,139.76,141.4,138.77,139.53,19619411.0,2753522611.0,3881525907.0,0.0050545613941718305
2024-02-29,139.0,142.33,138.7,142.25,17660377.0,2496984973.0,3881525907.0,0.004549854212785497
2024-03-01,142.05,143.78,140.88,142.59,15881306.0,2261267887.0,3881525907.0,0.0040915110140987134
2024-03-04,141.51,142.2,140.04,140.33,15430682.0,2170817658.0,3881525907.0,0.0039754164649969444
2024-03-05,139.98,141.88,139.33,141.59,16001586.0,2251931873.0,3881525907.0,0.004122498827366451
2024-03-06,141.0,141.3,138.51,139.06,17652769.0,2459134906.0,3881525907.0,0.004547894158883428
2024-03-07,139.06,139.98,138.25,138.25,11219842.0,1559868152.0,3881525907.0,0.002890575064761509
2024-03-08,138.06,139.13,136.66,138.42,12245203.0,1687886719.0,3881525907.0,0.003154739474472352
2024-03-11,138.35,141.29,138.02,141.16,19356925.0,2713055197.0,3881525907.0,0.004986936958244035
2024-03-12,141.17,149.3,141.17,148.31,45079147.0,6608708733.0,3881525907.0,0.011613769450489461
2024-03-13,147.5,149.18,147.14,147.76,17912970.0,2649479635.0,3881525907.0,0.004614929908800941
2024-03-14,147.2,151.0,147.06,149.56,22227356.0,3320434207.0,3881525907.0,0.005726447931189861
2024-03-15,149.0,154.78,148.8,152.49,23887367.0,3639737823.0,3881525907.0,0.0061541176259885776
2024-03-18,152.4,154.66,150.71,153.5,18987361.0,2908432466.0,3881525907.0,0.004891725948745549
2024-03-19,153.88,158.97,153.54,157.37,33882634.0,5328394237.0,3881525907.0,0.008729204650906893
2024-03-20,156.88,158.26,155.49,156.95,16160021.0,2535854998.0,3881525907.0,0.00416331653766803
2024-03-21,156.9,158.54,155.65,156.61,13643008.0,2139591363.0,3881525907.0,0.0035148568699222135
2024-03-22,156.4,156.76,152.36,153.43,20156403.0,3098381511.0,3881525907.0,0.005192906986309083
2024-03-25,152.51,152.9,150.0,151.72,16167547.0,2447539788.0,3881525907.0,0.004165255465857696
2024-03-26,151.77,155.38,151.77,155.22,18088963.0,2787590494.0,3881525907.0,0.004660271097863369
2024-03-27,155.0,155.3,152.6,152.66,12363048.0,1899180647.0,3881525907.0,0.0031850999571339457
2024-03-28,152.66,155.34,152.05,153.1,14419203.0,2217801275.0,3881525907.0,0.003714828483817717
2024-03-29,153.1,155.02,152.56,153.51,8834848.0,1358438657.0,3881525907.0,0.002276127536355511
2024-04-01,154.5,158.56,154.5,157.28,17726202.0,2788229516.0,3881525907.0,0.004566812749602498
2024-04-02,157.0,157.18,154.86,155.5,11410098.0,1779060167.0,3881525907.0,0.0029395908396290396
2024-04-03,155.9,156.97,153.3,154.6,9826116.0,1522506390.0,3881525907.0,0.002531508544688428
2024-04-08,152.0,152.0,147.05,147.29,27000663.0,4002147876.0,3881525907.0,0.006956198064092942
2024-04-09,146.5,148.21,145.68,146.48,13039729.0,1909631397.0,3881525907.0,0.003359433715612709
2024-04-10,146.2,146.5,142.14,143.12,17167574.0,2464329867.0,3881525907.0,0.004422893060958256
2024-04-11,142.6,142.66,140.6,142.34,15994283.0,2264027609.0,3881525907.0,0.004120617350809298
2024-04-12,142.0,143.45,140.1,140.49,13407310.0,1895837989.0,3881525907.0,0.0034541338435539136
2024-04-15,140.6,147.98,140.06,147.32,25429182.0,3701903875.0,3881525907.0,0.006551336409771386
2024-04-16,146.6,147.16,144.31,144.97,13567789.0,1976125483.0,3881525907.0,0.0034954781508817583
2024-04-17,144.53,145.54,143.8,145.3,13702335.0,1982007044.0,3881525907.0,0.0035301413228465152
2024-04-18,144.07,146.78,143.3,144.98,15245280.0,2213439017.0,3881525907.0,0.003927651229251476
2024-04-19,143.98,144.5,141.99,142.9,12726175.0,1818608488.0,3881525907.0,0.0032786525982087178
2024-04-22,142.9,146.48,142.9,144.56,14036604.0,2035476601.0,3881525907.0,0.00361625925893891
2024-04-23,144.0,147.49,143.97,147.03,17171181.0,2507417591.0,3881525907.0,0.004423822334673393
2024-04-24,147.93,149.2,146.0,148.98,14225100.0,2103883224.0,3881525907.0,0.0036648216038816716
2024-04-25,148.5,149.35,147.02,148.98,10077553.0,1496358808.0,3881525907.0,0.0025962864196851024
2024-04-26,149.2,152.7,149.2,152.25,17946172.0,2719514006.0,3881525907.0,0.004623483761279453
2024-04-29,151.0,156.56,150.01,151.75,27538469.0,4217464059.0,3881525907.0,0.0070947533675704
2024-04-30,152.3,153.49,150.43,150.43,15529607.0,2359135140.0,3881525907.0,0.004000902575967272
2024-05-06,153.44,158.33,153.4,155.01,31679595.0,4940155161.0,3881525907.0,0.00816163430543348
2024-05-07,155.0,156.42,153.55,155.94,14549977.0,2265634112.0,3881525907.0,0.00374851987301189
2024-05-08,155.98,156.32,154.35,155.0,10107370.0,1567926317.0,3881525907.0,0.002603968192450351
2024-05-09,154.33,155.69,153.73,154.84,11327468.0,1750315447.0,3881525907.0,0.0029183028199224127
2024-05-10,155.0,155.89,152.8,154.43,10251379.0,1579216046.0,3881525907.0,0.002641069323152659
2024-05-13,152.8,152.98,150.27,151.1,17262826.0,2608851173.0,3881525907.0,0.004447432894591266
2024-05-14,151.1,151.85,150.03,151.34,11345529.0,1713073765.0,3881525907.0,0.0029229558868947153
2024-05-15,151.33,151.83,150.5,151.37,7842841.0,1186554217.0,3881525907.0,0.0020205561389803187
2024-05-16,151.7,155.08,150.71,154.05,14937612.0,2289335629.0,3881525907.0,0.0038483865257890703
2024-05-17,154.0,156.43,153.21,156.41,16184342.0,2509981114.0,3881525907.0,0.004169582372440932
2024-05-20,156.4,159.8,156.4,157.3,19373643.0,3066112976.0,3881525907.0,0.0049912440272680625
2024-05-21,156.8,157.18,155.09,156.54,8803686.0,1374785553.0,3881525907.0,0.0022680992503807088
2024-05-22,156.01,156.41,154.27,155.12,10847769.0,1682580309.0,3881525907.0,0.0027947176599895872
2024-05-23,155.0,155.97,153.32,153.6,8988893.0,1383814570.0,3881525907.0,0.002315814248151558
2024-05-24,152.86,153.13,151.0,151.15,11203941.0,1700150955.0,3881525907.0,0.0028864784799696045
2024-05-27,151.14,152.3,150.58,151.58,10156716.0,1535721670.0,3881525907.0,0.0026166812339660627
2024-05-28,151.6,151.94,150.0,150.03,10387436.0,1566391578.0,3881525907.0,0.0026761217750130555
2024-05-29,150.05,150.99,148.86,149.21,9102373.0,1363621240.0,3881525907.0,0.0023450501730735967
2024-05-30,148.95,148.95,145.91,146.26,16111129.0,2363289778.0,3881525907.0,0.004150720460462458
2024-05-31,146.9,147.99,146.6,146.7,13141188.0,1934209403.0,3881525907.0,0.0033855726626224473
2024-06-03,146.89,147.25,144.65,145.98,14092998.0,2051213338.0,3881525907.0,0.0036307880811988096
2024-06-04,145.98,148.1,145.5,147.78,10302099.0,1514138601.0,3881525907.0,0.0026541363491664567
2024-06-05,147.72,148.0,145.65,145.76,11114765.0,1629419454.0,3881525907.0,0.0028635040100996032
2024-06-06,146.01,146.62,144.06,144.9,12730851.0,1844855886.0,3881525907.0,0.0032798572790770247
2024-06-07,145.5,145.55,141.9,142.34,15869270.0,2266797198.0,3881525907.0,0.004088410171726828
2024-06-11,141.4,141.4,138.0,138.48,20665469.0,2873140132.0,3881525907.0,0.005324057985219574
2024-06-12,138.1,139.83,137.55,137.9,15452411.0,2136862849.0,3881525907.0,0.0039810145211533685
2024-06-13,137.89,138.1,134.44,134.56,24362284.0,3301287598.0,3881525907.0,0.006276470796205354
2024-06-14,134.2,135.7,132.09,135.68,28721911.0,3851661909.0,3881525907.0,0.00739964428633659
2024-06-17,134.4,136.16,131.3,135.73,24627240.0,3299559711.0,3881525907.0,0.006344731579811661
2024-06-18,135.0,137.34,133.42,133.89,20298120.0,2740736863.0,3881525907.0,0.005229417627586635
2024-06-19,134.18,135.3,132.83,134.22,13704527.0,1839596880.0,3881525907.0,0.003530706049207364
2024-06-20,134.1,135.07,132.18,132.2,12619163.0,1679993029.0,3881525907.0,0.0032510830282602055
2024-06-21,132.01,132.86,128.8,130.2,21388642.0,2781028409.0,3881525907.0,0.005510369507370133
2024-06-24,126.02,132.67,125.6,131.03,23923514.0,3102546743.0,3881525907.0,0.0061634302006991605
2024-06-25,131.8,133.29,130.6,131.51,17715159.0,2341480948.0,3881525907.0,0.004563967734455211
2024-06-26,130.4,132.18,130.35,131.3,10221249.0,1341298503.0,3881525907.0,0.00263330691199738
2024-06-27,131.33,131.37,128.72,129.65,12264610.0,1587676455.0,3881525907.0,0.0031597393122848477
2024-06-28,128.99,130.49,127.56,128.04,15689886.0,2019328026.0,3881525907.0,0.004042195357167302
2024-07-01,128.2,129.16,126.0,128.3,15433459.0,1964232829.0,3881525907.0,0.003976131905281652
2024-07-02,127.7,132.68,127.5,131.56,24747909.0,3244049457.0,3881525907.0,0.006375819611397998
2024-07-03,131.56,132.7,130.1,131.0,12427733.0,1631928152.0,3881525907.0,0.0032017647950224027
2024-07-04,131.0,132.4,130.03,130.59,10049528.0,1315554604.0,3881525907.0,0.002589066321025073
2024-07-05,130.59,131.97,128.14,128.95,13941250.0,1803448225.0,3881525907.0,0.003591693146980714
2024-07-08,128.98,129.2,125.22,125.91,20745544.0,2630909852.0,3881525907.0,0.005344687758643369
2024-07-09,125.91,128.2,125.18,127.07,19540437.0,2475816884.0,3881525907.0,0.005034215272081656
2024-07-10,126.5,128.46,126.18,126.54,15457159.0,1964272870.0,3881525907.0,0.003982237751427689
2024-07-11,127.5,131.5,127.17,130.48,25779636.0,3349449291.0,3881525907.0,0.006641624097757181
2024-07-12,126.68,127.79,125.65,127.4,18938660.0,2401467289.0,3881525907.0,0.0048791790789920395
2024-07-15,127.0,129.36,126.58,127.5,11973781.0,1532479885.0,3881525907.0,0.0030848128511537973
2024-07-16,126.73,128.1,125.8,127.48,15468916.0,1967032428.0,3881525907.0,0.003985266714851274
2024-07-17,127.0,130.99,126.37,130.76,22884217.0,2960415564.0,3881525907.0,0.005895675450402192
2024-07-18,130.04,133.0,130.03,131.1,18591713.0,2444968667.0,3881525907.0,0.0047897949016574735
2024-07-19,130.68,133.49,129.78,133.42,19024378.0,2517623683.0,3881525907.0,0.004901262662112125
2024-07-22,133.4,133.95,131.0,131.22,15642939.0,2065619592.0,3881525907.0,0.004030100371554727
2024-07-23,131.01,131.51,126.8,126.8,19756404.0,2540829813.0,3881525907.0,0.0050898549883104
2024-07-24,126.58,127.7,125.5,126.06,14364962.0,1813586525.0,3881525907.0,0.0037008543403237422
2024-07-25,125.1,126.66,125.1,125.78,11814145.0,1485089890.0,3881525907.0,0.0030436857264546915
2024-07-26,126.0,127.38,125.1,126.2,11421502.0,1439101532.0,3881525907.0,0.0029425288594370318
2024-07-29,126.0,126.7,124.1,124.1,13936430.0,1745197564.0,3881525907.0,0.003590451367300381
2024-07-30,123.0,124.3,121.48,123.29,20725348.0,2538151161.0,3881525907.0,0.005339484650256645
2024-07-31,122.68,128.18,122.66,126.86,26057917.0,3286415867.0,3881525907.0,0.00671331780962914
2024-08-01,126.87,126.95,123.88,124.0,17473861.0,2180765965.0,3881525907.0,0.0045018019765081015
2024-08-02,123.0,124.52,122.88,123.7,9950169.0,1231884912.0,3881525907.0,0.0025634683983573885
2024-08-05,123.7,128.0,123.6,126.0,24189241.0,3060405977.0,3881525907.0,0.006231889617528193
2024-08-06,126.52,128.0,125.38,125.9,15347283.0,1940983189.0,3881525907.0,0.00395393032732887
2024-08-07,126.0,127.58,125.3,127.0,13259071.0,1678186223.0,3881525907.0,0.0034159429352483258
2024-08-08,126.48,129.67,125.95,128.35,20013087.0,2559755534.0,3881525907.0,0.005155984393639654
2024-08-09,129.5,130.0,127.74,128.08,15846790.0,2041741166.0,3881525907.0,0.00408261863496046
2024-08-12,127.5,128.49,127.12,127.71,7310797.0,934639851.0,3881525907.0,0.0018834853032452014
2024-08-13,127.59,127.96,125.12,125.6,12451739.0,1567828597.0,3881525907.0,0.003207949476143996
2024-08-14,125.5,125.59,123.89,124.33,9494697.0,1181885782.0,3881525907.0,0.002446124855917392
2024-08-15,124.02,126.15,123.86,124.95,11162349.0,1395432332.0,3881525907.0,0.0028757631064292677
2024-08-16,124.5,125.37,123.58,125.01,9726670.0,1211693479.0,3881525907.0,0.002505888208155144
2024-08-19,125.0,127.0,123.9,123.95,13875921.0,1732841551.0,3881525907.0,0.003574862394960694
2024-08-20,123.95,124.0,122.66,123.15,10985221.0,1352259415.0,3881525907.0,0.002830129506591491
2024-08-21,122.8,123.14,122.1,122.2,9710809.0,1189648677.0,3881525907.0,0.0025018019285888023
2024-08-22,122.21,122.39,119.96,120.99,18528513.0,2234186008.0,3881525907.0,0.00477351264526804
2024-08-23,120.6,122.1,120.52,121.11,8898800.0,1078393647.0,3881525907.0,0.002292603530985527
2024-08-26,120.98,121.87,118.04,118.12,20401007.0,2429417311.0,3881525907.0,0.00525592447114897
2024-08-27,117.7,118.2,115.55,117.7,15660884.0,1831272407.0,3881525907.0,0.0040347235533728975
2024-08-28,117.0,117.0,112.92,114.0,24729242.0,2821002956.0,3881525907.0,0.0063710104202584165
2024-08-29,115.5,120.29,115.13,118.78,30025609.0,3546177236.0,3881525907.0,0.007735516835235179
2024-08-30,118.0,124.66,116.78,123.03,33779842.0,4114623948.0,3881525907.0,0.00870272228225527
2024-09-02,122.0,122.31,119.0,119.0,17755490.0,2134586804.0,3881525907.0,0.004574358235759677
2024-09-03,119.08,121.47,119.0,120.32,12798410.0,1538909786.0,3881525907.0,0.003297262547422178
2024-09-04,119.33,120.8,119.03,119.11,8469238.0,1011886744.0,3881525907.0,0.00218193519840392
2024-09-05,119.1,119.88,118.5,119.55,8279466.0,987295999.0,3881525907.0,0.0021330441167657006
2024-09-06,119.5,119.5,117.5,117.53,7772198.0,920196138.0,3881525907.0,0.0020023563377442634
2024-09-09,116.9,117.49,115.52,116.22,11158667.0,1296332675.0,3881525907.0,0.0028748145104161996
2024-09-10,116.22,118.26,115.9,116.43,10605023.0,1237792376.0,3881525907.0,0.002732178852877099
2024-09-11,115.8,117.07,115.0,116.01,7659099.0,888345207.0,3881525907.0,0.0019732185700957116
2024-09-12,116.0,116.38,113.36,113.36,16984847.0,1945710694.0,3881525907.0,0.004375816987172308
2024-09-13,113.3,113.3,109.2,109.2,31153086.0,3444726618.0,3881525907.0,0.008025989455285633
2024-09-18,108.25,109.57,107.21,107.69,17763923.0,1916365125.0,3881525907.0,0.004576530834938982
2024-09-19,107.73,112.86,106.33,110.9,31818095.0,3511889908.0,3881525907.0,0.008197316148945132
2024-09-20,110.13,110.85,108.6,110.28,19668110.0,2158043125.0,3881525907.0,0.005067107748664062
2024-09-23,110.91,113.79,110.4,112.29,20371180.0,2298355085.0,3881525907.0,0.00524824012207733
2024-09-24,114.9,120.4,113.51,120.36,47346927.0,5559354901.0,3881525907.0,0.012198019061167121
2024-09-25,123.6,125.62,121.88,122.1,41718945.0,5168860913.0,3881525907.0,0.010748078461814064
2024-09-26,122.1,134.31,121.91,134.31,66453364.0,8594482228.0,3881525907.0,0.01712042263589096
2024-09-27,141.8,147.74,138.53,147.74,86457718.0,12438562567.0,3881525907.0,0.02227415714115959
2024-09-30,156.02,162.51,152.7,162.51,98620119.0,15752197756.0,3881525907.0,0.02540756428345539
2024-10-08,178.76,178.76,155.55,164.05,130680565.0,22218231045.0,3881525907.0,0.03366731747541058
2024-10-09,160.0,160.0,147.66,147.68,81546859.0,12409184179.0,3881525907.0,0.021008969398590698
2024-10-10,147.67,155.53,147.67,151.98,60060115.0,9164464307.0,3881525907.0,0.015473325810266194
2024-10-11,150.0,153.32,148.0,149.65,28515763.0,4283807928.0,3881525907.0,0.0073465342453529064
2024-10-14,151.0,151.0,146.01,149.76,33496575.0,4986283993.0,3881525907.0,0.008629744024016893
2024-10-15,150.0,150.1,144.0,144.0,32970192.0,4840842560.0,3881525907.0,0.008494131635329569
2024-10-16,142.0,144.29,140.08,141.65,31227224.0,4430542144.0,3881525907.0,0.008045089675605249
2024-10-17,142.5,142.92,137.89,137.95,28250755.0,3957974226.0,3881525907.0,0.007278260064953368
2024-10-18,137.01,145.56,136.36,143.0,44144323.0,6206988496.0,3881525907.0,0.011372930145948399
2024-10-21,143.99,145.5,141.1,143.01,29576515.0,4223086215.0,3881525907.0,0.0076198164610111925
2024-10-22,142.8,146.45,142.21,145.44,30466330.0,4419839158.0,3881525907.0,0.007849060068118205
2024-10-23,145.47,149.53,144.0,148.53,35813825.0,5277833036.0,3881525907.0,0.00922673862240951
2024-10-24,146.8,148.5,146.11,146.46,18642006.0,2743177644.0,3881525907.0,0.004802751919388387
2024-10-25,145.46,149.87,145.46,148.11,19805485.0,2926843949.0,3881525907.0,0.005102499757706757
2024-10-28,149.01,154.0,146.67,153.97,43810985.0,6649586215.0,3881525907.0,0.01128705206398098
2024-10-29,153.97,156.88,150.4,150.8,30315753.0,4641639292.0,3881525907.0,0.007810266819378465
2024-10-30,149.0,151.31,147.3,148.8,21187042.0,3158474275.0,3881525907.0,0.005458431170532955
2024-10-31,147.0,149.2,145.41,146.83,26944088.0,3957475707.0,3881525907.0,0.006941622610687369
2024-11-01,145.72,150.8,145.72,147.92,22719198.0,3379402018.0,3881525907.0,0.005853161499972954
2024-11-04,148.5,149.21,146.08,148.6,20505185.0,3030626417.0,3881525907.0,0.005282763915866348
2024-11-05,148.0,152.99,146.8,152.8,32031809.0,4839032609.0,3881525907.0,0.008252375423344045
2024-11-06,152.76,153.0,149.15,151.25,30206560.0,4568777903.0,3881525907.0,0.007782135357006133
2024-11-07,150.04,163.02,149.83,162.24,67187150.0,10602928042.0,3881525907.0,0.017309468392014006
2024-11-08,164.0,164.6,156.0,156.47,56747365.0,9025428028.0,3881525907.0,0.014619859910676103
2024-11-11,153.35,154.85,151.2,154.82,36601207.0,5603393228.0,3881525907.0,0.009429592350264327
2024-11-12,154.82,159.0,153.65,154.3,35134682.0,5496005682.0,3881525907.0,0.009051770577297348
2024-11-13,153.0,155.33,152.66,153.94,19433400.0,2990077535.0,3881525907.0,0.005006639261367166
2024-11-14,153.11,155.88,152.15,153.49,21792782.0,3357496178.0,3881525907.0,0.005614488353845219
2024-11-15,153.48,154.13,150.55,151.29,25544269.0,3894476943.0,3881525907.0,0.006580986347130415
2024-11-18,151.28,153.36,149.0,149.33,20986101.0,3164795003.0,3881525907.0,0.0054066626122869265
2024-11-19,149.56,150.64,145.3,148.45,23341346.0,3447738671.0,3881525907.0,0.006013445886811132
2024-11-20,148.45,150.39,147.2,149.6,14981538.0,2233265261.0,3881525907.0,0.003859703209241004
2024-11-21,149.0,150.1,148.16,149.5,11446054.0,1706377342.0,3881525907.0,0.0029488542068875595
2024-11-22,149.4,150.01,144.65,144.89,18942474.0,2785311385.0,3881525907.0,0.004880161682249465
2024-11-25,145.89,147.18,142.7,143.8,19168995.0,2771219117.0,3881525907.0,0.004938520432242989
2024-11-26,143.5,146.6,142.5,144.8,17535782.0,2539251070.0,3881525907.0,0.004517754723310159
2024-11-27,144.77,147.89,143.58,147.05,20024978.0,2921829640.0,3881525907.0,0.005159047879568874
2024-11-28,145.0,146.95,143.8,144.0,19045387.0,2760020464.0,3881525907.0,0.004906675224208416
2024-11-29,145.02,149.69,144.4,146.77,28727796.0,4234632626.0,3881525907.0,0.007401160442647536
2024-12-02,147.13,148.43,145.56,147.4,17976352.0,2645657931.0,3881525907.0,0.004631259053966686
2024-12-03,147.7,147.77,146.2,146.99,14014314.0,2059980757.0,3881525907.0,0.003610516671993966
2024-12-04,146.9,146.94,144.77,145.73,14843403.0,2161996959.0,3881525907.0,0.0038241154009126133
2024-12-05,145.0,145.66,144.51,145.03,10321021.0,1496758491.0,3881525907.0,0.0026590112361190017
2024-12-06,144.66,148.0,144.66,146.44,18754575.0,2745488834.0,3881525907.0,0.00483175314279823
2024-12-09,146.45,147.41,145.15,145.76,14542425.0,2124782351.0,3881525907.0,0.003746574246425608
2024-12-10,153.0,154.88,148.9,149.1,46326278.0,7021977460.0,3881525907.0,0.011935068607027591
2024-12-11,148.02,151.5,148.02,149.4,19999335.0,2993662413.0,3881525907.0,0.005152441457091117
2024-12-12,149.44,152.0,148.47,151.82,25365291.0,3819524049.0,3881525907.0,0.006534876130610353
2024-12-13,150.35,150.68,148.0,148.04,28422742.0,4230330396.0,3881525907.0,0.0073225691856756685
2024-12-16,148.03,148.04,144.02,144.59,26477262.0,3846200008.0,3881525907.0,0.006821353929971335
2024-12-17,144.58,146.75,143.6,144.89,15949283.0,2318651654.0,3881525907.0,0.004109023972051
2024-12-18,145.0,146.28,144.56,145.2,12067558.0,1755251345.0,3881525907.0,0.003108972679594175
2024-12-19,144.1,144.41,143.31,143.55,15198227.0,2184469848.0,3881525907.0,0.00391552893479116
2024-12-20,143.7,144.47,142.72,143.21,17283558.0,2479372352.0,3881525907.0,0.004452774093000534
2024-12-23,142.32,143.94,142.25,142.45,14260102.0,2039345026.0,3881525907.0,0.0036738391915105153
2024-12-24,142.35,143.5,141.71,143.48,14333019.0,2045707408.0,3881525907.0,0.0036926248448198237
2024-12-25,143.48,143.88,142.58,143.08,9613952.0,1376290843.0,3881525907.0,0.002476848597780079
2024-12-26,143.12,143.23,141.85,142.49,10476825.0,1493951272.0,3881525907.0,0.0026991511202091793
2024-12-27,142.6,142.95,141.57,142.52,13445059.0,1912027993.0,3881525907.0,0.0034638591425482914
2024-12-30,142.02,143.17,141.0,141.21,16367180.0,2320655237.0,3881525907.0,0.0042166870432278165
2024-12-31,141.22,143.6,140.01,140.04,24521867.0,3472955734.0,3881459458.0,0.006317692420941937
2025-01-02,140.0,140.0,136.3,136.99,25564735.0,3517884976.0,3881459458.0,0.0065863717698529676
2025-01-03,137.08,137.96,134.75,135.4,16823014.0,2295817772.0,3881459458.0,0.004334198046388561
2025-01-06,131.9,133.96,130.38,130.83,27943013.0,3679523520.0,3881459458.0,0.007199099540356451
2025-01-07,131.2,131.66,129.6,130.85,19018740.0,2478571210.0,3881459458.0,0.004899894023316628
2025-01-08,130.86,131.74,128.02,129.7,19287619.0,2504007320.0,3881459458.0,0.004969166677819259
2025-01-09,129.91,132.35,128.15,130.58,15918343.0,2080588918.0,3881459458.0,0.004101123088427735
2025-01-10,130.5,130.83,128.6,128.6,13537786.0,1753729759.0,3881459458.0,0.003487808167646202
2025-01-13,127.32,129.5,126.96,129.2,12149103.0,1562285331.0,3881459458.0,0.0031300347540561637
2025-01-14,129.3,133.3,128.9,133.02,22862469.0,3014664381.0,3881459458.0,0.0058901733348981945
2025-01-15,133.3,133.68,132.22,132.77,12812277.0,1701391090.0,3881459458.0,0.003300891620442632
2025-01-16,133.4,134.3,131.06,131.48,16309620.0,2160311225.0,3881459458.0,0.004201929757731866
2025-01-17,132.0,133.88,131.55,132.3,15245016.0,2021963287.0,3881459458.0,0.0039276504533826305
2025-01-20,132.88,135.49,132.73,134.3,19417359.0,2611169665.0,3881459458.0,0.005002592249154957
2025-01-21,134.85,135.0,132.8,133.39,13279686.0,1774069695.0,3881459458.0,0.0034213125613432598
2025-01-22,132.95,133.0,130.13,130.35,17418217.0,2277963646.0,3881459458.0,0.004487543200818356
2025-01-23,129.0,130.99,128.47,128.65,18448933.0,2387735894.0,3881459458.0,0.004753091768606591
2025-01-24,127.8,128.58,126.49,127.72,18943572.0,2418169298.0,3881459458.0,0.004880528111907951
2025-01-27,128.0,128.55,127.1,127.2,12653510.0,1616070923.0,3881459458.0,0.0032599876765220617
2025-02-05,127.55,127.88,124.51,125.01,18691574.0,2343981886.0,3881459458.0,0.004815604594677696
2025-02-06,124.8,126.39,124.69,125.9,13819081.0,1734038682.0,3881459458.0,0.0035602796189247226
2025-02-07,126.0,128.88,125.12,127.63,23247330.0,2960433850.0,3881459458.0,0.0059893270177240636
2025-02-10,127.68,128.2,126.9,127.53,13654558.0,1740615096.0,3881459458.0,0.003517892727658628
2025-02-11,127.6,128.07,125.72,126.26,17600170.0,2221320156.0,3881459458.0,0.004534420670999058
2025-02-12,126.26,127.71,125.6,127.7,17735327.0,2240677199.0,3881459458.0,0.004569241851398465
2025-02-13,127.72,132.0,127.25,131.51,46762606.0,6110655129.0,3881459458.0,0.012047686316449476
2025-02-14,130.55,132.2,130.1,131.23,21810735.0,2857398901.0,3881459458.0,0.00561920979363737
2025-02-17,131.89,133.53,131.09,131.55,20507840.0,2710093082.0,3881459458.0,0.00528353837568281
2025-02-18,131.48,132.39,129.36,130.2,18596134.0,2435399273.0,3881459458.0,0.0047910159055434345
2025-02-19,130.2,131.5,129.34,131.11,15364181.0,2003027066.0,3881459458.0,0.00395835153406876
2025-02-20,130.39,132.79,130.3,130.5,13253049.0,1737767288.0,3881459458.0,0.0034144499365269423
2025-02-21,130.6,132.66,129.93,131.12,21001653.0,2756687286.0,3881459458.0,0.005410761912433197
2025-02-24,130.9,133.49,130.36,131.9,24439219.0,3229422469.0,3881459458.0,0.006296399399362218
2025-02-25,130.88,130.92,128.58,128.75,22190136.0,2872796622.0,3881459458.0,0.005716956789092398
2025-02-26,128.71,129.8,128.1,129.8,17924348.0,2311292300.0,3881459458.0,0.004617940286109772
2025-02-27,129.99,133.09,129.8,132.75,37079506.0,4909364775.0,3881459458.0,0.009552980367623358
2025-02-28,132.6,135.7,131.5,131.58,33720213.0,4510232386.0,3881459458.0,0.008687508748932036
2025-03-03,131.58,135.6,130.35,130.84,21035512.0,2780161096.0,3881459458.0,0.005419485177577759
2025-03-04,130.06,130.36,128.71,129.75,14934839.0,1933207044.0,3881459458.0,0.0038477379866014307
2025-03-05,129.75,130.0,127.62,128.61,19936646.0,2558423708.0,3881459458.0,0.005136378781158971
2025-03-06,129.33,131.8,128.65,131.68,23585718.0,3075149470.0,3881459458.0,0.006076507626889658
2025-03-07,131.2,134.8,130.91,134.8,34007291.0,4536723523.0,3881459458.0,0.00876147010370242
2025-03-10,134.5,134.5,131.66,132.69,20635305.0,2735377366.0,3881459458.0,0.005316377827280658
2025-03-11,131.51,135.21,131.46,135.2,32103562.0,4304327283.0,3881459458.0,0.008271002788353741
2025-03-12,135.3,136.21,132.62,132.97,28801774.0,3844719012.0,3881459458.0,0.00742034647318993
2025-03-13,132.97,134.32,132.25,132.39,16792264.0,2233018515.0,3881459458.0,0.004326275768613219
2025-03-14,133.0,141.98,133.0,140.8,76551575.0,10604804482.0,3881459458.0,0.019722368822433802
2025-03-17,142.4,142.96,139.38,139.84,38773048.0,5457575155.0,3881459458.0,0.0099892961448008
2025-03-18,140.22,140.55,138.72,139.55,18673497.0,2608207825.0,3881459458.0,0.004810947325885994
2025-03-19,139.55,140.79,138.36,138.92,16815724.0,2339543020.0,3881459458.0,0.004332319886876943
2025-03-20,138.88,139.0,135.86,135.99,22872209.0,3130766821.0,3881459458.0,0.005892682700281343
2025-03-21,135.7,137.5,134.19,134.6,19713023.0,2669031188.0,3881459458.0,0.0050787656584612454
2025-03-24,134.06,134.93,133.03,134.31,18048886.0,2417592736.0,3881459458.0,0.0046500256399174275
2025-03-25,134.6,134.7,132.6,133.56,17567115.0,2342967013.0,3881459458.0,0.0045259045444343785
2025-03-26,133.54,133.88,132.89,133.35,10882580.0,1452491544.0,3881459458.0,0.002803734038125821
2025-03-27,133.08,134.77,132.5,133.9,14086564.0,1882916851.0,3881459458.0,0.0036291926148981045
2025-03-28,134.08,134.25,132.4,133.23,12099601.0,1610808297.0,3881459458.0,0.0031172813038306377
2025-03-31,133.21,133.38,131.35,131.35,14485487.0,1912983577.0,3881459458.0,0.003731969161791513
2025-04-01,131.43,132.25,131.14,131.79,12170463.0,1602816957.0,3881459458.0,0.0031355378387157174
2025-04-02,131.87,132.55,131.06,131.15,10102473.0,1328718377.0,3881459458.0,0.00260275113248394
2025-04-03,129.55,133.48,129.39,132.0,16562264.0,2187566525.0,3881459458.0,0.004267019707204165
2025-04-07,128.5,130.45,123.8,126.78,46309272.0,5889478918.0,3881459458.0,0.011930891588872033
2025-04-08,126.78,131.24,126.78,130.76,33185668.0,4295611990.0,3881459458.0,0.008549791221341157
2025-04-09,129.5,132.84,129.35,132.25,29699887.0,3910869675.0,3881459458.0,0.007651731860495449
2025-04-10,132.3,133.49,130.5,133.15,23310636.0,3091985055.0,3881459458.0,0.006005636862174331
2025-04-11,132.2,133.47,130.58,131.6,17429334.0,2296050286.0,3881459458.0,0.004490407329664809
2025-04-14,131.5,132.67,131.01,131.04,12578106.0,1655429086.0,3881459458.0,0.003240560963241678
2025-04-15,131.0,131.45,130.08,131.35,11482502.0,1502439501.0,3881459458.0,0.0029582949723547004
2025-04-16,130.8,132.55,129.68,132.3,16668022.0,2177739510.0,3881459458.0,0.004294266674780247
2025-04-17,131.33,132.99,131.0,132.53,15292281.0,2022126158.0,3881459458.0,0.003939827574002191
2025-04-18,132.01,132.57,131.21,131.75,8947834.0,1179998316.0,3881459458.0,0.002305275656443556
2025-04-21,131.59,132.0,130.14,130.34,14436366.0,1887006445.0,3881459458.0,0.0037193138705198863
2025-04-22,130.2,130.74,129.5,130.1,11585468.0,1507639704.0,3881459458.0,0.0029848226228722857
2025-04-23,130.48,130.7,129.55,129.97,9594427.0,1246940579.0,3881459458.0,0.002471860676072531
2025-04-24,129.8,130.2,129.01,129.06,13152369.0,1703623364.0,3881459458.0,0.003388511239732753
2025-04-25,129.2,130.22,128.96,129.05,10718307.0,1388082600.0,3881459458.0,0.0027614115556221274
2025-04-28,130.11,131.66,129.9,130.85,18504541.0,2422404105.0,3881459458.0,0.004767418338445003
2025-04-29,130.15,130.6,129.29,129.55,12479570.0,1619377345.0,3881459458.0,0.003215174635993841
2025-04-30,129.61,130.3,128.67,128.7,14662657.0,1893634511.0,3881459458.0,0.0037776143635299565
2025-05-06,129.0,129.55,128.07,129.49,14634943.0,1889145118.0,3881459458.0,0.003770474265765215
2025-05-07,130.9,131.81,129.8,129.99,15247040.0,1990960978.0,3881459458.0,0.00392817190672303
2025-05-08,129.71,133.0,129.28,131.8,20802315.0,2735442055.0,3881459458.0,0.005359405456915119
2025-05-09,131.8,132.1,131.01,131.58,11054836.0,1454604448.0,3881459458.0,0.0028481132212305076
2025-05-12,132.0,133.25,131.5,132.97,16456000.0,2182417151.0,3881459458.0,0.004239642376292985
2025-05-13,133.66,133.66,132.43,132.99,12039542.0,1599600056.0,3881459458.0,0.0031018080003864363
2025-05-14,132.71,137.18,132.17,135.26,29148950.0,3932377808.0,3881459458.0,0.007509791179171451
2025-05-15,135.01,135.59,133.61,133.67,14494424.0,1947912221.0,3881459458.0,0.003734271646229829
2025-05-16,133.38,133.59,131.05,131.08,17354288.0,2288769532.0,3881459458.0,0.004471072849732184
2025-05-19,129.2,130.1,128.88,129.3,23700824.0,3062514441.0,3881459458.0,0.006106162966909443
2025-05-20,129.0,129.63,128.87,129.13,15936916.0,2058475919.0,3881459458.0,0.00410590814420404
2025-05-21,129.13,129.88,129.0,129.26,14169298.0,1832618627.0,3881459458.0,0.00365050779309209
2025-05-22,129.27,129.47,128.84,129.09,9605451.0,1239750922.0,3881459458.0,0.002474700844859372
2025-05-23,129.05,129.66,128.15,128.15,15037984.0,1937195760.0,3881459458.0,0.003874311753792895
2025-05-26,127.97,128.15,125.89,126.41,27361547.0,3460707609.0,3881459458.0,0.0070492935186030736
2025-05-27,126.28,126.95,125.89,126.16,15126840.0,1908812014.0,3881459458.0,0.00389720417376056
2025-05-28,126.3,127.13,125.5,126.92,18138470.0,2291200545.0,3881459458.0,0.004673105618201204
2025-05-29,126.6,127.5,125.9,127.32,16034701.0,2036182268.0,3881459458.0,0.0041311009875296244
2025-05-30,127.0,127.55,126.0,126.44,14682788.0,1858195533.0,3881459458.0,0.0037828008147135464
2025-06-03,125.18,125.55,124.57,124.68,23748287.0,2965933456.0,3881459458.0,0.006118391099268826
2025-06-04,124.68,125.22,124.1,124.55,19350308.0,2410315627.0,3881459458.0,0.00498531756144392
2025-06-05,124.55,125.5,124.19,125.03,20231200.0,2525601313.0,3881459458.0,0.005212266215560198
2025-06-06,124.97,125.85,124.7,125.09,11888498.0,1488927363.0,3881459458.0,0.003062893771953962
2025-06-09,125.09,125.2,124.61,124.96,19842902.0,2477799331.0,3881459458.0,0.005112227041068839
2025-06-10,124.8,125.1,124.28,124.39,17105298.0,2132365672.0,3881459458.0,0.00440692429873114
2025-06-11,124.4,125.2,124.2,124.7,14547273.0,1816144262.0,3881459458.0,0.0037478874009663817
2025-06-12,124.5,124.55,122.38,122.5,38065992.0,4680660152.0,3881459458.0,0.009807133737167583
2025-06-13,121.89,121.9,119.02,119.12,36696171.0,4395342694.0,3881459458.0,0.009454219835883185
2025-06-16,117.83,118.44,117.0,118.27,27148875.0,3192006585.0,3881459458.0,0.0069945017573335684
2025-06-17,118.21,118.84,117.43,117.71,19650205.0,2316678380.0,3881459458.0,0.0050625815399151855
2025-06-18,118.69,119.44,117.87,118.33,20049069.0,2378709214.0,3881459458.0,0.0051653428863406665
2025-06-19,117.55,118.45,117.1,117.28,16357242.0,1926506404.0,3881459458.0,0.004214198854064135
2025-06-20,117.5,120.0,117.38,119.56,29681382.0,3536127315.0,3881459458.0,0.007646964323902517
2025-06-23,118.9,119.09,117.79,118.28,17338663.0,2053039386.0,3881459458.0,0.004467047302082113
2025-06-24,118.57,119.99,118.4,119.75,17895787.0,2138966777.0,3881459458.0,0.0046105819714580155
2025-06-25,120.0,120.22,118.88,120.18,17864721.0,2135738739.0,3881459458.0,0.004602578281006999
2025-06-26,120.11,120.64,119.63,119.73,16637264.0,1997480065.0,3881459458.0,0.004286342335924509
2025-06-27,119.71,119.93,119.04,119.18,16021567.0,1913691952.0,3881459458.0,0.004127717208788117
2025-06-30,119.18,119.58,118.28,118.9,22368008.0,2660701232.0,3881444512.0,0.0057628050409702725
2025-07-01,118.99,118.99,118.28,118.63,12218321.0,1449250746.0,3881444512.0,0.003147879858188219
2025-07-02,118.63,119.9,118.51,119.18,15447681.0,1840968960.0,3881444512.0,0.003979879385687841
2025-07-03,119.18,119.83,118.9,119.62,12243011.0,1463537870.0,3881444512.0,0.0031542408920568385
2025-07-04,119.29,120.75,119.19,120.39,17067930.0,2049279008.0,3881444512.0,0.004397313924553664
2025-07-07,120.21,120.52,119.81,119.91,8581080.0,1030097661.0,3881444512.0,0.002210795484379708
2025-07-08,119.85,120.87,119.83,120.78,11663123.0,1404970363.0,3881444512.0,0.003004840843129899
2025-07-09,120.83,122.85,120.49,121.6,20349574.0,2482658941.0,3881444512.0,0.00524278369485551
2025-07-10,121.03,122.88,120.9,122.58,16271646.0,1983620004.0,3881444512.0,0.004192162466755366
2025-07-11,122.57,124.98,122.22,124.3,28718907.0,3562808114.0,3881444512.0,0.007399025520321544
2025-07-14,124.36,125.54,123.4,125.41,21913998.0,2734366851.0,3881444512.0,0.005645835701695585
2025-07-15,124.82,125.52,124.32,125.0,19332839.0,2415360200.0,3881444512.0,0.004980836114036918
2025-07-16,124.6,125.88,124.6,125.28,17869945.0,2237883046.0,3881444512.0,0.0046039418945067224
2025-07-17,125.28,126.11,124.87,125.82,17299880.0,2171582212.0,3881444512.0,0.004457072604417023
2025-07-18,122.88,124.65,121.86,123.78,21020856.0,2597764485.0,3881444512.0,0.00541573013217405
2025-07-21,123.78,123.79,122.25,122.56,18778433.0,2304021397.0,3881444512.0,0.004838001146723594
2025-07-22,122.56,125.89,122.56,125.53,30377165.0,3784887030.0,3881444512.0,0.007826252547494875
2025-07-23,125.7,126.88,125.13,125.2,22906716.0,2887980079.0,3881444512.0,0.005901595637701596
2025-07-24,125.15,125.76,124.5,125.55,15601222.0,1955643592.0,3881444512.0,0.004019437081160572
2025-07-25,125.55,125.6,123.47,123.54,18400674.0,2284994445.0,3881444512.0,0.004740676813261629
2025-07-28,123.52,124.17,122.0,124.06,17851106.0,2196293738.0,3881444512.0,0.004599088289117864
2025-07-29,123.5,123.99,122.2,123.52,18515092.0,2276717869.0,3881444512.0,0.004770155013876442
2025-07-30,123.56,125.15,123.28,124.52,22412427.0,2789922636.0,3881444512.0,0.00577424897630483
2025-07-31,124.02,124.1,120.85,121.15,30468735.0,3717607979.0,3881444512.0,0.007849844279829809
2025-08-01,121.14,121.62,120.39,121.0,12322595.0,1491109255.0,3881444512.0,0.0031747445987964184
2025-08-04,120.63,121.23,120.45,120.92,8593314.0,1038364798.0,3881444512.0,0.0022139474037133934
2025-08-05,120.95,122.22,120.95,121.95,13944554.0,1698256512.0,3881444512.0,0.0035926196952934825
2025-08-06,121.97,122.5,121.49,122.16,11968359.0,1460865583.0,3881444512.0,0.003083480637942455
2025-08-07,122.13,123.14,121.95,122.55,11570286.0,1419842885.0,3881444512.0,0.0029809226859301807
2025-08-08,122.55,122.88,121.96,122.22,8242559.0,1008572356.0,3881444512.0,0.002123580273920453
2025-08-11,122.15,124.35,122.11,123.94,18266039.0,2257903784.0,3881444512.0,0.0047059899847925486
2025-08-12,123.9,125.33,123.01,123.19,21137375.0,2625229654.0,3881444512.0,0.005445749626112393
2025-08-13,123.01,123.47,122.52,123.19,15582285.0,1916294686.0,3881444512.0,0.00401455822743963
2025-08-14,123.18,124.85,122.77,122.84,19906336.0,2461442362.0,3881444512.0,0.005128589611021599
2025-08-15,122.54,123.3,121.9,123.1,19394317.0,2376497642.0,3881444512.0,0.004996675062606176
2025-08-18,123.1,124.66,122.81,123.75,25530142.0,3163846038.0,3881444512.0,0.006577484727933166
2025-08-19,123.77,125.75,123.77,124.41,32724162.0,4087820978.0,3881444512.0,0.008430923564366028
2025-08-20,124.42,126.5,123.35,125.78,40431044.0,5083056591.0,3881444512.0,0.010416494136397433
2025-08-21,125.8,126.13,124.86,125.45,23189477.0,2908492491.0,3881444512.0,0.005974445062477812
2025-08-22,125.45,125.82,124.95,125.79,20484997.0,2567683361.0,3881444512.0,0.00527767354052542
2025-08-25,126.18,130.09,126.18,129.93,47980003.0,6165955081.0,3881444512.0,0.012361378051821548
2025-08-26,129.93,131.85,128.65,129.74,34979445.0,4552425053.0,3881444512.0,0.00901196574931225
2025-08-27,129.5,129.5,126.6,126.62,34684706.0,4441325744.0,3881444512.0,0.008936030360029015
2025-08-28,126.61,127.2,124.0,125.47,34583488.0,4340085829.0,3881444512.0,0.00890995295516413
2025-08-29,126.18,129.8,126.12,129.53,43525090.0,5610236643.0,3881444512.0,0.011213631900555687
2025-09-01,130.0,130.1,127.52,128.87,31694195.0,4074402941.0,3881444512.0,0.008165566943444173
2025-09-02,128.41,131.12,128.11,128.56,34916169.0,4522779365.0,3881444512.0,0.008995663571140084
2025-09-03,129.0,131.5,126.39,126.62,30286319.0,3883434402.0,3881444512.0,0.007802847343654104
2025-09-04,126.3,126.5,124.73,125.51,26187312.0,3286629625.0,3881444512.0,0.006746795405431781
2025-09-05,125.4,127.02,124.8,126.81,20173355.0,2537085185.0,3881444512.0,0.005197383329229982
2025-09-08,126.7,129.15,126.26,129.09,30536352.0,3923785754.0,3881444512.0,0.007867264856058827
2025-09-09,129.08,129.38,127.58,128.8,18440608.0,2368186108.0,3881444512.0,0.004750965250949335
2025-09-10,128.8,129.48,127.66,128.06,19964491.0,2565580225.0,3881444512.0,0.005143572435024417
2025-09-11,127.42,128.54,126.8,128.52,22997326.0,2932816233.0,3881444512.0,0.005924940039436534
2025-09-12,128.5,129.67,127.12,127.19,26270390.0,3359522974.0,3881444512.0,0.006768199292500925
2025-09-15,126.6,127.1,126.05,126.65,16656948.0,2109473460.0,3881444512.0,0.004291430148879583
2025-09-16,126.65,126.85,125.4,125.8,19108652.0,2405374663.0,3881444512.0,0.004923077462764976
2025-09-17,125.81,126.33,124.82,125.96,18133640.0,2276167360.0,3881444512.0,0.004671879230512622
2025-09-18,125.95,125.96,123.53,123.94,27547752.0,3434002463.0,3881444512.0,0.0070972937819496
2025-09-19,123.93,124.6,122.8,124.08,19668801.0,2431126956.0,3881444512.0,0.005067392033865561
2025-09-22,123.6,123.7,122.18,122.5,19643327.0,2412049779.0,3881444512.0,0.005060829013340279
2025-09-23,122.01,123.26,121.56,122.19,17207909.0,2101237749.0,3881444512.0,0.004433377560029384
2025-09-24,122.19,122.85,121.8,122.37,13056429.0,1597546879.0,3881444512.0,0.003363806685792962
2025-09-25,122.4,122.66,121.51,121.52,19455497.0,2371492767.0,3881444512.0,0.00501243723563502
2025-09-26,121.52,121.67,120.02,120.17,26192542.0,3154953964.0,3881444512.0,0.00674814284192967
2025-09-29,120.26,122.57,119.79,121.92,25635752.0,3105049104.0,3881444512.0,0.006604693670293025
2025-09-30,121.44,121.83,120.87,121.48,15457057.0,1875945187.0,3881444512.0,0.003982294981214458
2025-10-09,121.44,121.44,119.89,121.16,20375652.0,2455273213.0,3881444512.0,0.0052495023275499555
2025-10-10,121.14,122.12,120.65,120.73,17535995.0,2126979085.0,3881444512.0,0.004517904338393901
2025-10-13,119.65,120.4,119.24,119.85,19583470.0,2345294276.0,3881444512.0,0.0050454076927945535
2025-10-14,120.57,122.57,120.02,122.07,29165582.0,3543893434.0,3881444512.0,0.007514105099230645
2025-10-15,121.34,122.65,121.06,122.07,19459557.0,2371853783.0,3881444512.0,0.005013483237964166
2025-10-16,121.75,122.75,121.5,122.74,19847810.0,2427170002.0,3881444512.0,0.0051135112040473244
2025-10-17,122.0,122.96,121.06,121.07,18040798.0,2197211376.0,3881444512.0,0.004647959785132695
2025-10-20,121.35,121.55,120.1,120.46,13164496.0,1589202775.0,3881444512.0,0.003391648639907183
2025-10-21,120.78,121.5,120.35,120.52,14729356.0,1780274211.0,3881444512.0,0.003794812976061424
2025-10-22,120.0,120.77,119.9,120.1,12782668.0,1536553800.0,3881444512.0,0.0032932759853916984
2025-10-23,120.0,121.45,119.96,121.33,15571808.0,1879432996.0,3881444512.0,0.004011858974631144
2025-10-24,120.97,121.28,120.1,120.29,17432200.0,2099912711.0,3881444512.0,0.0044911630054496575
2025-10-27,120.05,120.55,119.88,120.29,14394337.0,1729967257.0,3881444512.0,0.003708500007020067
2025-10-28,120.29,120.69,120.01,120.1,14019459.0,1686492048.0,3881444512.0,0.0036119179229941287
2025-10-29,119.86,119.95,118.21,118.83,24508270.0,2910549080.0,3881444512.0,0.0063142136707685596
2025-10-30,118.01,119.55,118.0,118.47,20432985.0,2423170734.0,3881444512.0,0.0052642733747265275
2025-10-31,115.4,119.64,115.4,118.99,42107702.0,4986642237.0,3881444512.0,0.010848461666737334
2025-11-03,118.5,119.6,117.5,118.98,22327034.0,2646147018.0,3881444512.0,0.005752248661799239
2025-11-04,118.78,118.99,117.01,117.16,17273363.0,2034069113.0,3881444512.0,0.004450240869500288
2025-11-05,116.35,117.0,116.0,116.18,16463035.0,1915561293.0,3881444512.0,0.004241471171132898
2025-11-06,116.51,117.3,116.06,116.17,15467307.0,1803321902.0,3881444512.0,0.003984935750641487
2025-11-07,116.17,116.99,115.95,116.75,14543557.0,1694831993.0,3881444512.0,0.0037469444571567793
2025-11-10,116.75,121.58,116.54,120.8,42906459.0,5132402569.0,3881444512.0,0.011054250258466661
2025-11-11,120.25,120.97,119.2,120.78,22926794.0,2754670110.0,3881444512.0,0.005906768454146073
2025-11-12,120.79,122.5,120.35,120.38,22254439.0,2700551157.0,3881444512.0,0.00573354557335483
2025-11-13,120.0,121.27,119.63,121.2,16002293.0,1928439961.0,3881444512.0,0.004122767426025746
2025-11-14,120.68,121.99,120.19,120.21,13924365.0,1683294872.0,3881444512.0,0.0035874182812483807
2025-11-17,120.02,120.53,119.01,120.15,11738778.0,1406740312.0,3881444512.0,0.0030243322978617915
2025-11-18,120.0,121.75,119.76,120.36,14766867.0,1784778982.0,3881444512.0,0.003804477161620184
2025-11-19,120.32,120.49,119.7,119.89,9514962.0,1142098879.0,3881444512.0,0.0024513971462385292
2025-11-20,119.88,121.64,119.6,120.25,15825845.0,1909518433.0,3881444512.0,0.004077308061746678
2025-11-21,120.11,121.41,119.41,119.68,20507164.0,2468277644.0,3881444512.0,0.005283384558660928
2025-11-24,119.75,120.46,118.5,118.52,17301096.0,2066246186.0,3881444512.0,0.0044573858898436835
2025-11-25,118.52,118.91,117.83,118.51,14660888.0,1735233690.0,3881444512.0,0.0037771731515609517
2025-11-26,118.52,119.29,118.0,118.26,9169759.0,1085069921.0,3881444512.0,0.0023624604117488926
2025-11-27,118.3,118.49,117.7,117.94,9215651.0,1087246956.0,3881444512.0,0.002374283844972817
2025-11-28,117.9,117.94,117.35,117.85,8029619.0,945107391.0,3881444512.0,0.002068719255209077
2025-12-01,117.8,118.62,117.1,117.65,12091201.0,1422932700.0,3881444512.0,0.003115129164572223
2025-12-02,117.6,117.77,116.5,116.57,12492841.0,1461213467.0,3881444512.0,0.003218606104345103
2025-12-03,116.72,117.05,115.5,115.6,16587100.0,1923087546.0,3881444512.0,0.004273434786641619
2025-12-04,115.61,115.75,114.12,114.45,16929153.0,1940544885.0,3881444512.0,0.004361559967600021
2025-12-05,114.47,115.37,114.21,114.96,11768183.0,1351054927.0,3881444512.0,0.0030319080856668445
2025-12-08,114.85,115.13,113.1,113.27,27697874.0,3157374147.0,3881444512.0,0.007135970619795891
2025-12-09,113.0,113.08,110.5,110.88,30431037.0,3390789037.0,3881444512.0,0.007840131916331258
2025-12-10,110.5,111.75,109.51,111.62,17869587.0,1984146058.0,3881444512.0,0.004603849660803808
2025-12-11,112.0,112.73,111.78,111.9,15788422.0,1772255902.0,3881444512.0,0.004067666548159584
2025-12-12,112.3,113.7,111.6,111.6,25702210.0,2889348467.0,3881444512.0,0.006621815646349758
2025-12-15,112.3,113.26,112.05,112.45,21568629.0,2429077630.0,3881444512.0,0.005556856199623033
2025-12-16,112.0,113.09,111.66,113.0,14506767.0,1631458612.0,3881444512.0,0.0037374660271840567
2025-12-17,113.0,113.75,112.1,113.4,15314001.0,1732389486.0,3881444512.0,0.003945438599638546
2025-12-18,110.82,111.16,110.33,110.43,12462850.0,1379153250.0,3881444512.0,0.0032108793418196366
2025-12-19,110.65,110.88,110.04,110.53,13818718.0,1526045351.0,3881444512.0,0.00356019980635498
2025-12-22,110.51,110.8,110.12,110.33,10846497.0,1197376767.0,3881444512.0,0.002794448552972126
2025-12-23,110.13,110.43,109.33,109.72,11354023.0,1248444948.0,3881444512.0,0.0029252055426523637
2025-12-24,109.5,109.59,108.78,109.28,11790469.0,1286401444.0,3881444512.0,0.0030376497624913104
2025-12-25,109.28,110.7,109.2,110.6,12570809.0,1385101983.0,3881444512.0,0.0032386934712413584
2025-12-26,110.1,110.49,109.44,109.78,11475889.0,1261539560.0,3881444512.0,0.002956602616505471
2025-12-29,109.44,109.6,108.0,108.06,19545251.0,2119598416.0,3881444512.0,0.005035561100918296
2025-12-30,107.9,107.99,107.02,107.36,15847027.0,1700875914.0,3881444512.0,0.004082765308381149
2025-12-31,107.19,107.25,105.61,105.94,20867682.0,2214652658.0,3881513391.0,0.005376171585131084
